{
  "type": "FeatureCollection",
  "features": [
    {
      "type": "Feature",
      "geometry": {
        "type": "Polygon",
        "coordinates": [
          [
            [
              1125,
              1387
            ],
            [
              1130,
              1387
            ],
            [
              1143,
              1402
            ],
            [
              1143,
              1407
            ],
            [
              1135,
              1413
            ],
            [
              1129,
              1413
            ],
            [
              1117,
              1399
            ],
            [
              1117,
              1394
            ],
            [
              1125,
              1387
            ]
          ]
        ]
      },
      "properties": {}
    },
    {
      "type": "Feature",
      "geometry": {
        "type": "Polygon",
        "coordinates": [
          [
            [
              510,
              1385
            ],
            [
              492,
              1389
            ],
            [
              466,
              1407
            ],
            [
              447,
              1409
            ],
            [
              395,
              1440
            ],
            [
              454,
              1406
            ],
            [
              462,
              1409
            ],
            [
              462,
              1416
            ],
            [
              428,
              1440
            ],
            [
              510,
              1385
            ]
          ]
        ]
      },
      "properties": {}
    },
    {
      "type": "Feature",
      "geometry": {
        "type": "Polygon",
        "coordinates": [
          [
            [
              908,
              1377
            ],
            [
              897,
              1376
            ],
            [
              891,
              1380
            ],
            [
              879,
              1416
            ],
            [
              894,
              1419
            ],
            [
              902,
              1419
            ],
            [
              904,
              1417
            ],
            [
              908,
              1377
            ]
          ]
        ]
      },
      "properties": {}
    },
    {
      "type": "Feature",
      "geometry": {
        "type": "Polygon",
        "coordinates": [
          [
            [
              895,
              1377
            ],
            [
              908,
              1378
            ],
            [
              905,
              1412
            ],
            [
              901,
              1419
            ],
            [
              880,
              1416
            ],
            [
              880,
              1410
            ],
            [
              888,
              1388
            ],
            [
              895,
              1377
            ]
          ]
        ]
      },
      "properties": {}
    },
    {
      "type": "Feature",
      "geometry": {
        "type": "Polygon",
        "coordinates": [
          [
            [
              604,
              1363
            ],
            [
              552,
              1394
            ],
            [
              567,
              1423
            ],
            [
              550,
              1434
            ],
            [
              551,
              1440
            ],
            [
              551,
              1434
            ],
            [
              569,
              1422
            ],
            [
              575,
              1422
            ],
            [
              590,
              1440
            ],
            [
              575,
              1416
            ],
            [
              598,
              1409
            ],
            [
              607,
              1410
            ],
            [
              609,
              1440
            ],
            [
              611,
              1379
            ],
            [
              604,
              1363
            ]
          ]
        ]
      },
      "properties": {}
    },
    {
      "type": "Feature",
      "geometry": {
        "type": "Polygon",
        "coordinates": [
          [
            [
              604,
              1365
            ],
            [
              611,
              1379
            ],
            [
              611,
              1407
            ],
            [
              566,
              1417
            ],
            [
              553,
              1398
            ],
            [
              553,
              1394
            ],
            [
              597,
              1366
            ],
            [
              604,
              1365
            ]
          ]
        ]
      },
      "properties": {}
    },
    {
      "type": "Feature",
      "geometry": {
        "type": "Polygon",
        "coordinates": [
          [
            [
              945,
              1347
            ],
            [
              924,
              1360
            ],
            [
              922,
              1366
            ],
            [
              939,
              1394
            ],
            [
              955,
              1398
            ],
            [
              958,
              1393
            ],
            [
              958,
              1377
            ],
            [
              963,
              1376
            ],
            [
              967,
              1381
            ],
            [
              968,
              1379
            ],
            [
              961,
              1370
            ],
            [
              957,
              1369
            ],
            [
              952,
              1358
            ],
            [
              951,
              1348
            ],
            [
              945,
              1347
            ]
          ]
        ]
      },
      "properties": {}
    },
    {
      "type": "Feature",
      "geometry": {
        "type": "Polygon",
        "coordinates": [
          [
            [
              944,
              1348
            ],
            [
              951,
              1349
            ],
            [
              952,
              1358
            ],
            [
              958,
              1371
            ],
            [
              958,
              1393
            ],
            [
              955,
              1397
            ],
            [
              946,
              1397
            ],
            [
              940,
              1394
            ],
            [
              923,
              1368
            ],
            [
              923,
              1362
            ],
            [
              944,
              1348
            ]
          ]
        ]
      },
      "properties": {}
    },
    {
      "type": "Feature",
      "geometry": {
        "type": "Polygon",
        "coordinates": [
          [
            [
              1237,
              1322
            ],
            [
              1229,
              1326
            ],
            [
              1216,
              1338
            ],
            [
              1215,
              1344
            ],
            [
              1218,
              1349
            ],
            [
              1223,
              1349
            ],
            [
              1239,
              1344
            ],
            [
              1243,
              1340
            ],
            [
              1244,
              1337
            ],
            [
              1243,
              1333
            ],
            [
              1237,
              1322
            ]
          ]
        ]
      },
      "properties": {}
    },
    {
      "type": "Feature",
      "geometry": {
        "type": "Polygon",
        "coordinates": [
          [
            [
              1238,
              1324
            ],
            [
              1243,
              1333
            ],
            [
              1243,
              1339
            ],
            [
              1236,
              1345
            ],
            [
              1223,
              1349
            ],
            [
              1219,
              1349
            ],
            [
              1216,
              1346
            ],
            [
              1216,
              1339
            ],
            [
              1233,
              1324
            ],
            [
              1238,
              1324
            ]
          ]
        ]
      },
      "properties": {}
    },
    {
      "type": "Feature",
      "geometry": {
        "type": "Polygon",
        "coordinates": [
          [
            [
              958,
              1298
            ],
            [
              963,
              1327
            ],
            [
              972,
              1321
            ],
            [
              977,
              1328
            ],
            [
              973,
              1347
            ],
            [
              977,
              1354
            ],
            [
              983,
              1355
            ],
            [
              978,
              1379
            ],
            [
              1001,
              1375
            ],
            [
              998,
              1355
            ],
            [
              986,
              1332
            ],
            [
              983,
              1307
            ],
            [
              977,
              1306
            ],
            [
              968,
              1312
            ],
            [
              958,
              1298
            ]
          ]
        ]
      },
      "properties": {}
    },
    {
      "type": "Feature",
      "geometry": {
        "type": "Polygon",
        "coordinates": [
          [
            [
              928,
              1294
            ],
            [
              890,
              1304
            ],
            [
              898,
              1326
            ],
            [
              907,
              1337
            ],
            [
              909,
              1349
            ],
            [
              905,
              1353
            ],
            [
              908,
              1356
            ],
            [
              915,
              1351
            ],
            [
              930,
              1347
            ],
            [
              940,
              1339
            ],
            [
              928,
              1294
            ]
          ]
        ]
      },
      "properties": {}
    },
    {
      "type": "Feature",
      "geometry": {
        "type": "Polygon",
        "coordinates": [
          [
            [
              927,
              1295
            ],
            [
              940,
              1338
            ],
            [
              929,
              1347
            ],
            [
              914,
              1351
            ],
            [
              891,
              1310
            ],
            [
              891,
              1304
            ],
            [
              927,
              1295
            ]
          ]
        ]
      },
      "properties": {}
    },
    {
      "type": "Feature",
      "geometry": {
        "type": "Polygon",
        "coordinates": [
          [
            [
              669,
              1282
            ],
            [
              650,
              1305
            ],
            [
              640,
              1329
            ],
            [
              637,
              1440
            ],
            [
              642,
              1440
            ],
            [
              645,
              1427
            ],
            [
              644,
              1337
            ],
            [
              666,
              1313
            ],
            [
              669,
              1282
            ]
          ]
        ]
      },
      "properties": {}
    },
    {
      "type": "Feature",
      "geometry": {
        "type": "Polygon",
        "coordinates": [
          [
            [
              1083,
              1279
            ],
            [
              1070,
              1280
            ],
            [
              1007,
              1322
            ],
            [
              1022,
              1371
            ],
            [
              1053,
              1360
            ],
            [
              1079,
              1340
            ],
            [
              1070,
              1319
            ],
            [
              1077,
              1312
            ],
            [
              1076,
              1304
            ],
            [
              1086,
              1294
            ],
            [
              1083,
              1279
            ]
          ]
        ]
      },
      "properties": {}
    },
    {
      "type": "Feature",
      "geometry": {
        "type": "Polygon",
        "coordinates": [
          [
            [
              1082,
              1279
            ],
            [
              1086,
              1294
            ],
            [
              1074,
              1305
            ],
            [
              1075,
              1313
            ],
            [
              1069,
              1319
            ],
            [
              1078,
              1340
            ],
            [
              1059,
              1352
            ],
            [
              1051,
              1333
            ],
            [
              1041,
              1335
            ],
            [
              1040,
              1343
            ],
            [
              1053,
              1359
            ],
            [
              1023,
              1370
            ],
            [
              1008,
              1322
            ],
            [
              1071,
              1280
            ],
            [
              1082,
              1279
            ]
          ]
        ]
      },
      "properties": {}
    },
    {
      "type": "Feature",
      "geometry": {
        "type": "Polygon",
        "coordinates": [
          [
            [
              1272,
              1262
            ],
            [
              1272,
              1267
            ],
            [
              1280,
              1286
            ],
            [
              1284,
              1289
            ],
            [
              1293,
              1291
            ],
            [
              1295,
              1288
            ],
            [
              1293,
              1265
            ],
            [
              1288,
              1263
            ],
            [
              1272,
              1262
            ]
          ]
        ]
      },
      "properties": {}
    },
    {
      "type": "Feature",
      "geometry": {
        "type": "Polygon",
        "coordinates": [
          [
            [
              1107,
              1253
            ],
            [
              1096,
              1260
            ],
            [
              1090,
              1269
            ],
            [
              1108,
              1298
            ],
            [
              1109,
              1306
            ],
            [
              1111,
              1306
            ],
            [
              1128,
              1287
            ],
            [
              1130,
              1274
            ],
            [
              1126,
              1274
            ],
            [
              1121,
              1270
            ],
            [
              1112,
              1253
            ],
            [
              1107,
              1253
            ]
          ]
        ]
      },
      "properties": {}
    },
    {
      "type": "Feature",
      "geometry": {
        "type": "Polygon",
        "coordinates": [
          [
            [
              1107,
              1253
            ],
            [
              1113,
              1255
            ],
            [
              1121,
              1271
            ],
            [
              1130,
              1277
            ],
            [
              1130,
              1283
            ],
            [
              1115,
              1301
            ],
            [
              1109,
              1300
            ],
            [
              1091,
              1271
            ],
            [
              1093,
              1264
            ],
            [
              1107,
              1253
            ]
          ]
        ]
      },
      "properties": {}
    },
    {
      "type": "Feature",
      "geometry": {
        "type": "Polygon",
        "coordinates": [
          [
            [
              1105,
              1337
            ],
            [
              1073,
              1372
            ],
            [
              1038,
              1392
            ],
            [
              1007,
              1402
            ],
            [
              971,
              1399
            ],
            [
              976,
              1389
            ],
            [
              1044,
              1376
            ],
            [
              1075,
              1358
            ],
            [
              1099,
              1336
            ],
            [
              1105,
              1337
            ]
          ]
        ]
      },
      "properties": {}
    },
    {
      "type": "Feature",
      "geometry": {
        "type": "Polygon",
        "coordinates": [
          [
            [
              485,
              1231
            ],
            [
              483,
              1236
            ],
            [
              481,
              1254
            ],
            [
              482,
              1255
            ],
            [
              506,
              1255
            ],
            [
              505,
              1231
            ],
            [
              504,
              1230
            ],
            [
              485,
              1231
            ]
          ]
        ]
      },
      "properties": {}
    },
    {
      "type": "Feature",
      "geometry": {
        "type": "Polygon",
        "coordinates": [
          [
            [
              487,
              1230
            ],
            [
              504,
              1230
            ],
            [
              506,
              1233
            ],
            [
              506,
              1254
            ],
            [
              505,
              1255
            ],
            [
              483,
              1255
            ],
            [
              482,
              1254
            ],
            [
              483,
              1236
            ],
            [
              487,
              1230
            ]
          ]
        ]
      },
      "properties": {}
    },
    {
      "type": "Feature",
      "geometry": {
        "type": "Polygon",
        "coordinates": [
          [
            [
              921,
              1264
            ],
            [
              894,
              1227
            ],
            [
              762,
              1256
            ],
            [
              697,
              1300
            ],
            [
              706,
              1311
            ],
            [
              742,
              1288
            ],
            [
              826,
              1325
            ],
            [
              796,
              1396
            ],
            [
              817,
              1414
            ],
            [
              832,
              1377
            ],
            [
              859,
              1379
            ],
            [
              841,
              1362
            ],
            [
              854,
              1323
            ],
            [
              737,
              1272
            ],
            [
              768,
              1262
            ],
            [
              765,
              1282
            ],
            [
              813,
              1283
            ],
            [
              834,
              1305
            ],
            [
              846,
              1240
            ],
            [
              879,
              1237
            ],
            [
              890,
              1276
            ],
            [
              921,
              1264
            ]
          ]
        ]
      },
      "properties": {}
    },
    {
      "type": "Feature",
      "geometry": {
        "type": "Polygon",
        "coordinates": [
          [
            [
              822,
              1277
            ],
            [
              826,
              1277
            ],
            [
              834,
              1287
            ],
            [
              836,
              1294
            ],
            [
              836,
              1303
            ],
            [
              834,
              1305
            ],
            [
              820,
              1303
            ],
            [
              812,
              1297
            ],
            [
              812,
              1291
            ],
            [
              822,
              1277
            ]
          ]
        ]
      },
      "properties": {}
    },
    {
      "type": "Feature",
      "geometry": {
        "type": "Polygon",
        "coordinates": [
          [
            [
              744,
              1282
            ],
            [
              743,
              1287
            ],
            [
              735,
              1288
            ],
            [
              709,
              1308
            ],
            [
              703,
              1308
            ],
            [
              698,
              1302
            ],
            [
              698,
              1295
            ],
            [
              700,
              1292
            ],
            [
              726,
              1272
            ],
            [
              733,
              1272
            ],
            [
              737,
              1278
            ],
            [
              744,
              1282
            ]
          ]
        ]
      },
      "properties": {}
    },
    {
      "type": "Feature",
      "geometry": {
        "type": "Polygon",
        "coordinates": [
          [
            [
              819,
              1266
            ],
            [
              819,
              1274
            ],
            [
              794,
              1292
            ],
            [
              785,
              1291
            ],
            [
              781,
              1287
            ],
            [
              774,
              1286
            ],
            [
              765,
              1281
            ],
            [
              765,
              1275
            ],
            [
              783,
              1263
            ],
            [
              802,
              1256
            ],
            [
              810,
              1256
            ],
            [
              819,
              1266
            ]
          ]
        ]
      },
      "properties": {}
    },
    {
      "type": "Feature",
      "geometry": {
        "type": "Polygon",
        "coordinates": [
          [
            [
              819,
              1254
            ],
            [
              826,
              1249
            ],
            [
              840,
              1247
            ],
            [
              846,
              1261
            ],
            [
              846,
              1273
            ],
            [
              836,
              1274
            ],
            [
              826,
              1270
            ],
            [
              818,
              1261
            ],
            [
              819,
              1254
            ]
          ]
        ]
      },
      "properties": {}
    },
    {
      "type": "Feature",
      "geometry": {
        "type": "Polygon",
        "coordinates": [
          [
            [
              880,
              1233
            ],
            [
              894,
              1227
            ],
            [
              905,
              1227
            ],
            [
              911,
              1235
            ],
            [
              907,
              1259
            ],
            [
              916,
              1257
            ],
            [
              921,
              1268
            ],
            [
              900,
              1274
            ],
            [
              890,
              1274
            ],
            [
              880,
              1259
            ],
            [
              880,
              1233
            ]
          ]
        ]
      },
      "properties": {}
    },
    {
      "type": "Feature",
      "geometry": {
        "type": "Polygon",
        "coordinates": [
          [
            [
              780,
              1220
            ],
            [
              773,
              1218
            ],
            [
              749,
              1227
            ],
            [
              746,
              1233
            ],
            [
              743,
              1233
            ],
            [
              733,
              1242
            ],
            [
              735,
              1243
            ],
            [
              750,
              1235
            ],
            [
              781,
              1228
            ],
            [
              780,
              1220
            ]
          ]
        ]
      },
      "properties": {}
    },
    {
      "type": "Feature",
      "geometry": {
        "type": "Polygon",
        "coordinates": [
          [
            [
              425,
              1214
            ],
            [
              417,
              1221
            ],
            [
              412,
              1230
            ],
            [
              413,
              1233
            ],
            [
              420,
              1233
            ],
            [
              423,
              1236
            ],
            [
              426,
              1252
            ],
            [
              425,
              1262
            ],
            [
              447,
              1263
            ],
            [
              451,
              1221
            ],
            [
              425,
              1214
            ]
          ]
        ]
      },
      "properties": {}
    },
    {
      "type": "Feature",
      "geometry": {
        "type": "Polygon",
        "coordinates": [
          [
            [
              424,
              1215
            ],
            [
              431,
              1215
            ],
            [
              451,
              1222
            ],
            [
              449,
              1253
            ],
            [
              446,
              1263
            ],
            [
              426,
              1262
            ],
            [
              423,
              1236
            ],
            [
              421,
              1233
            ],
            [
              413,
              1232
            ],
            [
              413,
              1228
            ],
            [
              424,
              1215
            ]
          ]
        ]
      },
      "properties": {}
    },
    {
      "type": "Feature",
      "geometry": {
        "type": "Polygon",
        "coordinates": [
          [
            [
              623,
              1212
            ],
            [
              616,
              1212
            ],
            [
              609,
              1215
            ],
            [
              601,
              1223
            ],
            [
              605,
              1235
            ],
            [
              612,
              1247
            ],
            [
              612,
              1252
            ],
            [
              614,
              1253
            ],
            [
              616,
              1249
            ],
            [
              622,
              1248
            ],
            [
              626,
              1244
            ],
            [
              624,
              1242
            ],
            [
              624,
              1238
            ],
            [
              626,
              1237
            ],
            [
              626,
              1226
            ],
            [
              623,
              1212
            ]
          ]
        ]
      },
      "properties": {}
    },
    {
      "type": "Feature",
      "geometry": {
        "type": "Polygon",
        "coordinates": [
          [
            [
              622,
              1212
            ],
            [
              625,
              1218
            ],
            [
              626,
              1236
            ],
            [
              615,
              1244
            ],
            [
              611,
              1244
            ],
            [
              603,
              1230
            ],
            [
              602,
              1222
            ],
            [
              608,
              1216
            ],
            [
              616,
              1212
            ],
            [
              622,
              1212
            ]
          ]
        ]
      },
      "properties": {}
    },
    {
      "type": "Feature",
      "geometry": {
        "type": "Polygon",
        "coordinates": [
          [
            [
              1031,
              1217
            ],
            [
              1031,
              1230
            ],
            [
              1030,
              1233
            ],
            [
              1026,
              1236
            ],
            [
              1001,
              1240
            ],
            [
              995,
              1232
            ],
            [
              995,
              1228
            ],
            [
              1004,
              1222
            ],
            [
              1023,
              1216
            ],
            [
              1031,
              1217
            ]
          ]
        ]
      },
      "properties": {}
    },
    {
      "type": "Feature",
      "geometry": {
        "type": "Polygon",
        "coordinates": [
          [
            [
              1043,
              1211
            ],
            [
              1050,
              1210
            ],
            [
              1059,
              1205
            ],
            [
              1065,
              1205
            ],
            [
              1075,
              1218
            ],
            [
              1085,
              1243
            ],
            [
              1073,
              1254
            ],
            [
              1068,
              1254
            ],
            [
              1050,
              1221
            ],
            [
              1042,
              1218
            ],
            [
              1043,
              1211
            ]
          ]
        ]
      },
      "properties": {}
    },
    {
      "type": "Feature",
      "geometry": {
        "type": "Polygon",
        "coordinates": [
          [
            [
              401,
              1199
            ],
            [
              389,
              1196
            ],
            [
              377,
              1198
            ],
            [
              368,
              1195
            ],
            [
              369,
              1198
            ],
            [
              373,
              1199
            ],
            [
              373,
              1203
            ],
            [
              358,
              1214
            ],
            [
              346,
              1219
            ],
            [
              343,
              1227
            ],
            [
              372,
              1230
            ],
            [
              393,
              1211
            ],
            [
              401,
              1199
            ]
          ]
        ]
      },
      "properties": {}
    },
    {
      "type": "Feature",
      "geometry": {
        "type": "Polygon",
        "coordinates": [
          [
            [
              756,
              1191
            ],
            [
              751,
              1191
            ],
            [
              718,
              1200
            ],
            [
              717,
              1203
            ],
            [
              719,
              1208
            ],
            [
              726,
              1207
            ],
            [
              752,
              1198
            ],
            [
              755,
              1196
            ],
            [
              756,
              1191
            ]
          ]
        ]
      },
      "properties": {}
    },
    {
      "type": "Feature",
      "geometry": {
        "type": "Polygon",
        "coordinates": [
          [
            [
              752,
              1193
            ],
            [
              752,
              1197
            ],
            [
              747,
              1200
            ],
            [
              726,
              1207
            ],
            [
              719,
              1207
            ],
            [
              718,
              1206
            ],
            [
              718,
              1201
            ],
            [
              721,
              1199
            ],
            [
              747,
              1192
            ],
            [
              752,
              1193
            ]
          ]
        ]
      },
      "properties": {}
    },
    {
      "type": "Feature",
      "geometry": {
        "type": "Polygon",
        "coordinates": [
          [
            [
              1345,
              1169
            ],
            [
              1352,
              1177
            ],
            [
              1352,
              1181
            ],
            [
              1333,
              1198
            ],
            [
              1328,
              1198
            ],
            [
              1319,
              1182
            ],
            [
              1319,
              1177
            ],
            [
              1327,
              1176
            ],
            [
              1338,
              1170
            ],
            [
              1345,
              1169
            ]
          ]
        ]
      },
      "properties": {}
    },
    {
      "type": "Feature",
      "geometry": {
        "type": "Polygon",
        "coordinates": [
          [
            [
              684,
              1170
            ],
            [
              675,
              1168
            ],
            [
              674,
              1171
            ],
            [
              640,
              1168
            ],
            [
              642,
              1192
            ],
            [
              651,
              1214
            ],
            [
              657,
              1216
            ],
            [
              664,
              1204
            ],
            [
              686,
              1183
            ],
            [
              684,
              1170
            ]
          ]
        ]
      },
      "properties": {}
    },
    {
      "type": "Feature",
      "geometry": {
        "type": "Polygon",
        "coordinates": [
          [
            [
              640,
              1170
            ],
            [
              678,
              1171
            ],
            [
              684,
              1177
            ],
            [
              685,
              1183
            ],
            [
              673,
              1193
            ],
            [
              657,
              1213
            ],
            [
              651,
              1213
            ],
            [
              643,
              1196
            ],
            [
              640,
              1170
            ]
          ]
        ]
      },
      "properties": {}
    },
    {
      "type": "Feature",
      "geometry": {
        "type": "Polygon",
        "coordinates": [
          [
            [
              631,
              1167
            ],
            [
              558,
              1164
            ],
            [
              557,
              1205
            ],
            [
              469,
              1201
            ],
            [
              466,
              1230
            ],
            [
              470,
              1221
            ],
            [
              558,
              1220
            ],
            [
              562,
              1260
            ],
            [
              546,
              1253
            ],
            [
              543,
              1269
            ],
            [
              459,
              1275
            ],
            [
              492,
              1313
            ],
            [
              582,
              1271
            ],
            [
              576,
              1214
            ],
            [
              612,
              1200
            ],
            [
              611,
              1173
            ],
            [
              631,
              1167
            ]
          ]
        ]
      },
      "properties": {}
    },
    {
      "type": "Feature",
      "geometry": {
        "type": "Polygon",
        "coordinates": [
          [
            [
              534,
              1265
            ],
            [
              537,
              1289
            ],
            [
              527,
              1297
            ],
            [
              495,
              1312
            ],
            [
              490,
              1312
            ],
            [
              462,
              1276
            ],
            [
              462,
              1272
            ],
            [
              471,
              1267
            ],
            [
              534,
              1265
            ]
          ]
        ]
      },
      "properties": {}
    },
    {
      "type": "Feature",
      "geometry": {
        "type": "Polygon",
        "coordinates": [
          [
            [
              470,
              1201
            ],
            [
              539,
              1203
            ],
            [
              554,
              1206
            ],
            [
              552,
              1221
            ],
            [
              472,
              1221
            ],
            [
              466,
              1219
            ],
            [
              470,
              1201
            ]
          ]
        ]
      },
      "properties": {}
    },
    {
      "type": "Feature",
      "geometry": {
        "type": "Polygon",
        "coordinates": [
          [
            [
              916,
              1161
            ],
            [
              897,
              1161
            ],
            [
              789,
              1185
            ],
            [
              761,
              1196
            ],
            [
              872,
              1175
            ],
            [
              916,
              1161
            ]
          ]
        ]
      },
      "properties": {}
    },
    {
      "type": "Feature",
      "geometry": {
        "type": "Polygon",
        "coordinates": [
          [
            [
              1193,
              1150
            ],
            [
              1182,
              1153
            ],
            [
              1182,
              1156
            ],
            [
              1166,
              1170
            ],
            [
              1176,
              1183
            ],
            [
              1174,
              1196
            ],
            [
              1180,
              1204
            ],
            [
              1184,
              1204
            ],
            [
              1214,
              1175
            ],
            [
              1206,
              1162
            ],
            [
              1193,
              1150
            ]
          ]
        ]
      },
      "properties": {}
    },
    {
      "type": "Feature",
      "geometry": {
        "type": "Polygon",
        "coordinates": [
          [
            [
              1193,
              1151
            ],
            [
              1211,
              1169
            ],
            [
              1212,
              1176
            ],
            [
              1188,
              1200
            ],
            [
              1180,
              1203
            ],
            [
              1174,
              1196
            ],
            [
              1176,
              1182
            ],
            [
              1169,
              1174
            ],
            [
              1169,
              1169
            ],
            [
              1186,
              1153
            ],
            [
              1193,
              1151
            ]
          ]
        ]
      },
      "properties": {}
    },
    {
      "type": "Feature",
      "geometry": {
        "type": "Polygon",
        "coordinates": [
          [
            [
              459,
              1159
            ],
            [
              460,
              1168
            ],
            [
              472,
              1168
            ],
            [
              473,
              1171
            ],
            [
              506,
              1170
            ],
            [
              507,
              1173
            ],
            [
              512,
              1173
            ],
            [
              513,
              1169
            ],
            [
              546,
              1165
            ],
            [
              532,
              1161
            ],
            [
              527,
              1154
            ],
            [
              479,
              1147
            ],
            [
              465,
              1149
            ],
            [
              459,
              1159
            ]
          ]
        ]
      },
      "properties": {}
    },
    {
      "type": "Feature",
      "geometry": {
        "type": "Polygon",
        "coordinates": [
          [
            [
              460,
              1157
            ],
            [
              467,
              1148
            ],
            [
              488,
              1148
            ],
            [
              527,
              1154
            ],
            [
              534,
              1162
            ],
            [
              534,
              1166
            ],
            [
              483,
              1172
            ],
            [
              482,
              1168
            ],
            [
              462,
              1168
            ],
            [
              460,
              1157
            ]
          ]
        ]
      },
      "properties": {}
    },
    {
      "type": "Feature",
      "geometry": {
        "type": "Polygon",
        "coordinates": [
          [
            [
              1277,
              1179
            ],
            [
              1285,
              1189
            ],
            [
              1285,
              1194
            ],
            [
              1231,
              1243
            ],
            [
              1219,
              1249
            ],
            [
              1218,
              1244
            ],
            [
              1269,
              1183
            ],
            [
              1277,
              1179
            ]
          ]
        ]
      },
      "properties": {}
    },
    {
      "type": "Feature",
      "geometry": {
        "type": "Polygon",
        "coordinates": [
          [
            [
              109,
              1140
            ],
            [
              134,
              1184
            ],
            [
              160,
              1203
            ],
            [
              115,
              1205
            ],
            [
              187,
              1219
            ],
            [
              185,
              1257
            ],
            [
              195,
              1218
            ],
            [
              258,
              1145
            ],
            [
              242,
              1150
            ],
            [
              200,
              1129
            ],
            [
              206,
              1149
            ],
            [
              218,
              1135
            ],
            [
              240,
              1157
            ],
            [
              183,
              1217
            ],
            [
              109,
              1140
            ]
          ]
        ]
      },
      "properties": {}
    },
    {
      "type": "Feature",
      "geometry": {
        "type": "Polygon",
        "coordinates": [
          [
            [
              1453,
              1416
            ],
            [
              1452,
              1394
            ],
            [
              1455,
              1381
            ],
            [
              1503,
              1387
            ],
            [
              1502,
              1393
            ],
            [
              1493,
              1395
            ],
            [
              1479,
              1410
            ],
            [
              1469,
              1414
            ],
            [
              1461,
              1414
            ],
            [
              1459,
              1417
            ],
            [
              1453,
              1416
            ]
          ]
        ]
      },
      "properties": {}
    },
    {
      "type": "Feature",
      "geometry": {
        "type": "Polygon",
        "coordinates": [
          [
            [
              1389,
              1356
            ],
            [
              1391,
              1361
            ],
            [
              1391,
              1377
            ],
            [
              1388,
              1379
            ],
            [
              1377,
              1381
            ],
            [
              1371,
              1380
            ],
            [
              1369,
              1378
            ],
            [
              1369,
              1371
            ],
            [
              1380,
              1359
            ],
            [
              1385,
              1356
            ],
            [
              1389,
              1356
            ]
          ]
        ]
      },
      "properties": {}
    },
    {
      "type": "Feature",
      "geometry": {
        "type": "Polygon",
        "coordinates": [
          [
            [
              1295,
              1329
            ],
            [
              1300,
              1330
            ],
            [
              1330,
              1378
            ],
            [
              1330,
              1384
            ],
            [
              1317,
              1399
            ],
            [
              1313,
              1399
            ],
            [
              1298,
              1384
            ],
            [
              1290,
              1383
            ],
            [
              1274,
              1367
            ],
            [
              1278,
              1360
            ],
            [
              1275,
              1353
            ],
            [
              1295,
              1329
            ]
          ]
        ]
      },
      "properties": {}
    },
    {
      "type": "Feature",
      "geometry": {
        "type": "Polygon",
        "coordinates": [
          [
            [
              1300,
              1326
            ],
            [
              1308,
              1326
            ],
            [
              1314,
              1332
            ],
            [
              1319,
              1333
            ],
            [
              1342,
              1363
            ],
            [
              1347,
              1364
            ],
            [
              1347,
              1368
            ],
            [
              1335,
              1377
            ],
            [
              1330,
              1377
            ],
            [
              1300,
              1330
            ],
            [
              1300,
              1326
            ]
          ]
        ]
      },
      "properties": {}
    },
    {
      "type": "Feature",
      "geometry": {
        "type": "Polygon",
        "coordinates": [
          [
            [
              1366,
              1311
            ],
            [
              1370,
              1319
            ],
            [
              1369,
              1332
            ],
            [
              1359,
              1346
            ],
            [
              1353,
              1347
            ],
            [
              1343,
              1333
            ],
            [
              1342,
              1326
            ],
            [
              1359,
              1312
            ],
            [
              1366,
              1311
            ]
          ]
        ]
      },
      "properties": {}
    },
    {
      "type": "Feature",
      "geometry": {
        "type": "Polygon",
        "coordinates": [
          [
            [
              1379,
              1300
            ],
            [
              1391,
              1303
            ],
            [
              1393,
              1301
            ],
            [
              1399,
              1302
            ],
            [
              1404,
              1314
            ],
            [
              1410,
              1319
            ],
            [
              1410,
              1332
            ],
            [
              1404,
              1346
            ],
            [
              1400,
              1346
            ],
            [
              1393,
              1337
            ],
            [
              1390,
              1337
            ],
            [
              1381,
              1329
            ],
            [
              1378,
              1323
            ],
            [
              1380,
              1314
            ],
            [
              1379,
              1300
            ]
          ]
        ]
      },
      "properties": {}
    },
    {
      "type": "Feature",
      "geometry": {
        "type": "Polygon",
        "coordinates": [
          [
            [
              1026,
              1095
            ],
            [
              985,
              1121
            ],
            [
              972,
              1132
            ],
            [
              967,
              1132
            ],
            [
              965,
              1136
            ],
            [
              988,
              1124
            ],
            [
              1026,
              1097
            ],
            [
              1026,
              1095
            ]
          ]
        ]
      },
      "properties": {}
    },
    {
      "type": "Feature",
      "geometry": {
        "type": "Polygon",
        "coordinates": [
          [
            [
              645,
              1088
            ],
            [
              696,
              1121
            ],
            [
              725,
              1127
            ],
            [
              761,
              1128
            ],
            [
              695,
              1118
            ],
            [
              645,
              1088
            ]
          ]
        ]
      },
      "properties": {}
    },
    {
      "type": "Feature",
      "geometry": {
        "type": "Polygon",
        "coordinates": [
          [
            [
              417,
              1086
            ],
            [
              407,
              1088
            ],
            [
              400,
              1094
            ],
            [
              390,
              1115
            ],
            [
              391,
              1118
            ],
            [
              403,
              1123
            ],
            [
              406,
              1123
            ],
            [
              410,
              1120
            ],
            [
              419,
              1093
            ],
            [
              417,
              1086
            ]
          ]
        ]
      },
      "properties": {}
    },
    {
      "type": "Feature",
      "geometry": {
        "type": "Polygon",
        "coordinates": [
          [
            [
              412,
              1088
            ],
            [
              413,
              1091
            ],
            [
              417,
              1093
            ],
            [
              417,
              1100
            ],
            [
              412,
              1115
            ],
            [
              407,
              1122
            ],
            [
              399,
              1122
            ],
            [
              391,
              1117
            ],
            [
              392,
              1110
            ],
            [
              400,
              1095
            ],
            [
              407,
              1088
            ],
            [
              412,
              1088
            ]
          ]
        ]
      },
      "properties": {}
    },
    {
      "type": "Feature",
      "geometry": {
        "type": "Polygon",
        "coordinates": [
          [
            [
              587,
              1091
            ],
            [
              606,
              1086
            ],
            [
              613,
              1087
            ],
            [
              618,
              1106
            ],
            [
              614,
              1125
            ],
            [
              610,
              1129
            ],
            [
              603,
              1129
            ],
            [
              593,
              1119
            ],
            [
              584,
              1099
            ],
            [
              584,
              1094
            ],
            [
              587,
              1091
            ]
          ]
        ]
      },
      "properties": {}
    },
    {
      "type": "Feature",
      "geometry": {
        "type": "Polygon",
        "coordinates": [
          [
            [
              1238,
              1089
            ],
            [
              1221,
              1073
            ],
            [
              1160,
              1141
            ],
            [
              1167,
              1140
            ],
            [
              1175,
              1151
            ],
            [
              1181,
              1151
            ],
            [
              1236,
              1095
            ],
            [
              1238,
              1089
            ]
          ]
        ]
      },
      "properties": {}
    },
    {
      "type": "Feature",
      "geometry": {
        "type": "Polygon",
        "coordinates": [
          [
            [
              1225,
              1076
            ],
            [
              1236,
              1088
            ],
            [
              1236,
              1094
            ],
            [
              1182,
              1147
            ],
            [
              1175,
              1149
            ],
            [
              1168,
              1140
            ],
            [
              1167,
              1133
            ],
            [
              1220,
              1076
            ],
            [
              1225,
              1076
            ]
          ]
        ]
      },
      "properties": {}
    },
    {
      "type": "Feature",
      "geometry": {
        "type": "Polygon",
        "coordinates": [
          [
            [
              1524,
              1072
            ],
            [
              1652,
              1067
            ],
            [
              1595,
              1067
            ],
            [
              1582,
              1061
            ],
            [
              1550,
              1062
            ],
            [
              1548,
              1068
            ],
            [
              1540,
              1070
            ],
            [
              1526,
              1063
            ],
            [
              1524,
              1072
            ]
          ]
        ]
      },
      "properties": {}
    },
    {
      "type": "Feature",
      "geometry": {
        "type": "Polygon",
        "coordinates": [
          [
            [
              1037,
              1163
            ],
            [
              1037,
              1167
            ],
            [
              1010,
              1185
            ],
            [
              1003,
              1186
            ],
            [
              1001,
              1184
            ],
            [
              1002,
              1178
            ],
            [
              1027,
              1161
            ],
            [
              1034,
              1160
            ],
            [
              1037,
              1163
            ]
          ]
        ]
      },
      "properties": {}
    },
    {
      "type": "Feature",
      "geometry": {
        "type": "Polygon",
        "coordinates": [
          [
            [
              1174,
              1048
            ],
            [
              1174,
              1052
            ],
            [
              1130,
              1097
            ],
            [
              1095,
              1128
            ],
            [
              1088,
              1128
            ],
            [
              1096,
              1115
            ],
            [
              1136,
              1078
            ],
            [
              1146,
              1073
            ],
            [
              1148,
              1064
            ],
            [
              1168,
              1046
            ],
            [
              1174,
              1048
            ]
          ]
        ]
      },
      "properties": {}
    },
    {
      "type": "Feature",
      "geometry": {
        "type": "Polygon",
        "coordinates": [
          [
            [
              1284,
              1133
            ],
            [
              1280,
              1147
            ],
            [
              1244,
              1195
            ],
            [
              1199,
              1243
            ],
            [
              1187,
              1236
            ],
            [
              1188,
              1229
            ],
            [
              1284,
              1133
            ]
          ]
        ]
      },
      "properties": {}
    },
    {
      "type": "Feature",
      "geometry": {
        "type": "Polygon",
        "coordinates": [
          [
            [
              521,
              1018
            ],
            [
              474,
              1115
            ],
            [
              486,
              1090
            ],
            [
              557,
              1090
            ],
            [
              557,
              1096
            ],
            [
              542,
              1098
            ],
            [
              540,
              1110
            ],
            [
              573,
              1108
            ],
            [
              568,
              1070
            ],
            [
              507,
              1057
            ],
            [
              521,
              1018
            ]
          ]
        ]
      },
      "properties": {}
    },
    {
      "type": "Feature",
      "geometry": {
        "type": "Polygon",
        "coordinates": [
          [
            [
              486,
              1084
            ],
            [
              502,
              1052
            ],
            [
              507,
              1053
            ],
            [
              507,
              1058
            ],
            [
              545,
              1063
            ],
            [
              563,
              1068
            ],
            [
              571,
              1074
            ],
            [
              569,
              1090
            ],
            [
              487,
              1090
            ],
            [
              486,
              1084
            ]
          ]
        ]
      },
      "properties": {}
    },
    {
      "type": "Feature",
      "geometry": {
        "type": "Polygon",
        "coordinates": [
          [
            [
              870,
              1029
            ],
            [
              858,
              1019
            ],
            [
              849,
              1016
            ],
            [
              845,
              1024
            ],
            [
              834,
              1034
            ],
            [
              830,
              1046
            ],
            [
              831,
              1050
            ],
            [
              833,
              1052
            ],
            [
              840,
              1052
            ],
            [
              856,
              1046
            ],
            [
              870,
              1036
            ],
            [
              870,
              1029
            ]
          ]
        ]
      },
      "properties": {}
    },
    {
      "type": "Feature",
      "geometry": {
        "type": "Polygon",
        "coordinates": [
          [
            [
              870,
              1030
            ],
            [
              870,
              1035
            ],
            [
              866,
              1039
            ],
            [
              849,
              1049
            ],
            [
              840,
              1052
            ],
            [
              834,
              1052
            ],
            [
              831,
              1049
            ],
            [
              833,
              1036
            ],
            [
              845,
              1025
            ],
            [
              849,
              1018
            ],
            [
              857,
              1019
            ],
            [
              870,
              1030
            ]
          ]
        ]
      },
      "properties": {}
    },
    {
      "type": "Feature",
      "geometry": {
        "type": "Polygon",
        "coordinates": [
          [
            [
              844,
              993
            ],
            [
              840,
              992
            ],
            [
              839,
              996
            ],
            [
              832,
              995
            ],
            [
              831,
              990
            ],
            [
              829,
              990
            ],
            [
              828,
              993
            ],
            [
              815,
              994
            ],
            [
              809,
              999
            ],
            [
              807,
              1010
            ],
            [
              822,
              1024
            ],
            [
              832,
              1014
            ],
            [
              839,
              1003
            ],
            [
              839,
              999
            ],
            [
              846,
              998
            ],
            [
              844,
              993
            ]
          ]
        ]
      },
      "properties": {}
    },
    {
      "type": "Feature",
      "geometry": {
        "type": "Polygon",
        "coordinates": [
          [
            [
              819,
              993
            ],
            [
              834,
              995
            ],
            [
              838,
              999
            ],
            [
              838,
              1004
            ],
            [
              824,
              1022
            ],
            [
              818,
              1021
            ],
            [
              808,
              1010
            ],
            [
              809,
              1002
            ],
            [
              816,
              994
            ],
            [
              819,
              993
            ]
          ]
        ]
      },
      "properties": {}
    },
    {
      "type": "Feature",
      "geometry": {
        "type": "Polygon",
        "coordinates": [
          [
            [
              795,
              977
            ],
            [
              810,
              984
            ],
            [
              795,
              1016
            ],
            [
              815,
              1051
            ],
            [
              792,
              1069
            ],
            [
              776,
              1074
            ],
            [
              774,
              1062
            ],
            [
              784,
              1051
            ],
            [
              784,
              1045
            ],
            [
              775,
              1028
            ],
            [
              775,
              1015
            ],
            [
              788,
              978
            ],
            [
              795,
              977
            ]
          ]
        ]
      },
      "properties": {}
    },
    {
      "type": "Feature",
      "geometry": {
        "type": "Polygon",
        "coordinates": [
          [
            [
              1681,
              978
            ],
            [
              1679,
              999
            ],
            [
              1674,
              1009
            ],
            [
              1653,
              1012
            ],
            [
              1641,
              1012
            ],
            [
              1639,
              1010
            ],
            [
              1639,
              982
            ],
            [
              1656,
              982
            ],
            [
              1670,
              977
            ],
            [
              1681,
              978
            ]
          ]
        ]
      },
      "properties": {}
    },
    {
      "type": "Feature",
      "geometry": {
        "type": "Polygon",
        "coordinates": [
          [
            [
              1642,
              963
            ],
            [
              1651,
              955
            ],
            [
              1660,
              951
            ],
            [
              1664,
              951
            ],
            [
              1666,
              957
            ],
            [
              1666,
              977
            ],
            [
              1659,
              978
            ],
            [
              1654,
              976
            ],
            [
              1642,
              967
            ],
            [
              1642,
              963
            ]
          ]
        ]
      },
      "properties": {}
    },
    {
      "type": "Feature",
      "geometry": {
        "type": "Polygon",
        "coordinates": [
          [
            [
              783,
              973
            ],
            [
              743,
              961
            ],
            [
              748,
              970
            ],
            [
              734,
              984
            ],
            [
              715,
              977
            ],
            [
              717,
              961
            ],
            [
              704,
              948
            ],
            [
              652,
              1000
            ],
            [
              643,
              1054
            ],
            [
              681,
              1034
            ],
            [
              667,
              1000
            ],
            [
              706,
              982
            ],
            [
              715,
              1004
            ],
            [
              709,
              1021
            ],
            [
              724,
              1034
            ],
            [
              752,
              1020
            ],
            [
              751,
              1000
            ],
            [
              783,
              973
            ]
          ]
        ]
      },
      "properties": {}
    },
    {
      "type": "Feature",
      "geometry": {
        "type": "Polygon",
        "coordinates": [
          [
            [
              717,
              978
            ],
            [
              722,
              978
            ],
            [
              735,
              985
            ],
            [
              753,
              1010
            ],
            [
              753,
              1018
            ],
            [
              724,
              1034
            ],
            [
              720,
              1034
            ],
            [
              709,
              1020
            ],
            [
              709,
              1015
            ],
            [
              716,
              1005
            ],
            [
              707,
              984
            ],
            [
              717,
              978
            ]
          ]
        ]
      },
      "properties": {}
    },
    {
      "type": "Feature",
      "geometry": {
        "type": "Polygon",
        "coordinates": [
          [
            [
              778,
              970
            ],
            [
              780,
              972
            ],
            [
              780,
              977
            ],
            [
              774,
              983
            ],
            [
              755,
              997
            ],
            [
              749,
              997
            ],
            [
              741,
              984
            ],
            [
              741,
              979
            ],
            [
              746,
              974
            ],
            [
              752,
              963
            ],
            [
              759,
              963
            ],
            [
              778,
              970
            ]
          ]
        ]
      },
      "properties": {}
    },
    {
      "type": "Feature",
      "geometry": {
        "type": "Polygon",
        "coordinates": [
          [
            [
              1007,
              992
            ],
            [
              1008,
              1000
            ],
            [
              998,
              1014
            ],
            [
              960,
              1055
            ],
            [
              951,
              1059
            ],
            [
              950,
              1054
            ],
            [
              999,
              996
            ],
            [
              1007,
              992
            ]
          ]
        ]
      },
      "properties": {}
    },
    {
      "type": "Feature",
      "geometry": {
        "type": "Polygon",
        "coordinates": [
          [
            [
              1263,
              946
            ],
            [
              1253,
              937
            ],
            [
              1253,
              935
            ],
            [
              1250,
              935
            ],
            [
              1247,
              940
            ],
            [
              1219,
              953
            ],
            [
              1215,
              957
            ],
            [
              1215,
              961
            ],
            [
              1217,
              963
            ],
            [
              1228,
              962
            ],
            [
              1263,
              949
            ],
            [
              1263,
              946
            ]
          ]
        ]
      },
      "properties": {}
    },
    {
      "type": "Feature",
      "geometry": {
        "type": "Polygon",
        "coordinates": [
          [
            [
              1261,
              945
            ],
            [
              1260,
              950
            ],
            [
              1224,
              963
            ],
            [
              1218,
              963
            ],
            [
              1216,
              961
            ],
            [
              1216,
              957
            ],
            [
              1220,
              953
            ],
            [
              1243,
              941
            ],
            [
              1254,
              939
            ],
            [
              1261,
              945
            ]
          ]
        ]
      },
      "properties": {}
    },
    {
      "type": "Feature",
      "geometry": {
        "type": "Polygon",
        "coordinates": [
          [
            [
              1507,
              957
            ],
            [
              1526,
              953
            ],
            [
              1539,
              1001
            ],
            [
              1556,
              1006
            ],
            [
              1547,
              946
            ],
            [
              1570,
              940
            ],
            [
              1576,
              1012
            ],
            [
              1602,
              1028
            ],
            [
              1601,
              986
            ],
            [
              1614,
              985
            ],
            [
              1613,
              1024
            ],
            [
              1655,
              1023
            ],
            [
              1657,
              1042
            ],
            [
              1566,
              1040
            ],
            [
              1527,
              1029
            ],
            [
              1507,
              957
            ]
          ]
        ]
      },
      "properties": {}
    },
    {
      "type": "Feature",
      "geometry": {
        "type": "Polygon",
        "coordinates": [
          [
            [
              1524,
              928
            ],
            [
              1503,
              922
            ],
            [
              1468,
              934
            ],
            [
              1330,
              939
            ],
            [
              1296,
              933
            ],
            [
              1299,
              943
            ],
            [
              1442,
              940
            ],
            [
              1524,
              928
            ]
          ]
        ]
      },
      "properties": {}
    },
    {
      "type": "Feature",
      "geometry": {
        "type": "Polygon",
        "coordinates": [
          [
            [
              623,
              983
            ],
            [
              635,
              997
            ],
            [
              629,
              1037
            ],
            [
              619,
              1049
            ],
            [
              602,
              1054
            ],
            [
              590,
              1043
            ],
            [
              588,
              1027
            ],
            [
              594,
              1015
            ],
            [
              618,
              984
            ],
            [
              623,
              983
            ]
          ]
        ]
      },
      "properties": {}
    },
    {
      "type": "Feature",
      "geometry": {
        "type": "Polygon",
        "coordinates": [
          [
            [
              685,
              932
            ],
            [
              686,
              938
            ],
            [
              677,
              944
            ],
            [
              649,
              975
            ],
            [
              636,
              984
            ],
            [
              622,
              979
            ],
            [
              624,
              969
            ],
            [
              664,
              920
            ],
            [
              670,
              921
            ],
            [
              685,
              932
            ]
          ]
        ]
      },
      "properties": {}
    },
    {
      "type": "Feature",
      "geometry": {
        "type": "Polygon",
        "coordinates": [
          [
            [
              1354,
              912
            ],
            [
              1435,
              910
            ],
            [
              1435,
              908
            ],
            [
              1367,
              905
            ],
            [
              1366,
              908
            ],
            [
              1354,
              910
            ],
            [
              1354,
              912
            ]
          ]
        ]
      },
      "properties": {}
    },
    {
      "type": "Feature",
      "geometry": {
        "type": "Polygon",
        "coordinates": [
          [
            [
              923,
              1123
            ],
            [
              922,
              1128
            ],
            [
              897,
              1141
            ],
            [
              865,
              1151
            ],
            [
              855,
              1150
            ],
            [
              855,
              1145
            ],
            [
              867,
              1138
            ],
            [
              905,
              1125
            ],
            [
              923,
              1123
            ]
          ]
        ]
      },
      "properties": {}
    },
    {
      "type": "Feature",
      "geometry": {
        "type": "Polygon",
        "coordinates": [
          [
            [
              1288,
              894
            ],
            [
              1290,
              900
            ],
            [
              1320,
              892
            ],
            [
              1446,
              895
            ],
            [
              1448,
              890
            ],
            [
              1428,
              893
            ],
            [
              1325,
              883
            ],
            [
              1291,
              888
            ],
            [
              1288,
              894
            ]
          ]
        ]
      },
      "properties": {}
    },
    {
      "type": "Feature",
      "geometry": {
        "type": "Polygon",
        "coordinates": [
          [
            [
              988,
              893
            ],
            [
              980,
              892
            ],
            [
              976,
              896
            ],
            [
              971,
              896
            ],
            [
              962,
              882
            ],
            [
              956,
              880
            ],
            [
              946,
              890
            ],
            [
              918,
              903
            ],
            [
              917,
              906
            ],
            [
              941,
              920
            ],
            [
              966,
              923
            ],
            [
              982,
              910
            ],
            [
              988,
              909
            ],
            [
              986,
              906
            ],
            [
              988,
              893
            ]
          ]
        ]
      },
      "properties": {}
    },
    {
      "type": "Feature",
      "geometry": {
        "type": "Polygon",
        "coordinates": [
          [
            [
              920,
              903
            ],
            [
              947,
              890
            ],
            [
              955,
              881
            ],
            [
              962,
              883
            ],
            [
              972,
              899
            ],
            [
              981,
              892
            ],
            [
              988,
              894
            ],
            [
              984,
              909
            ],
            [
              966,
              923
            ],
            [
              954,
              923
            ],
            [
              936,
              918
            ],
            [
              924,
              911
            ],
            [
              920,
              903
            ]
          ]
        ]
      },
      "properties": {}
    },
    {
      "type": "Feature",
      "geometry": {
        "type": "Polygon",
        "coordinates": [
          [
            [
              1546,
              883
            ],
            [
              1525,
              886
            ],
            [
              1524,
              881
            ],
            [
              1508,
              876
            ],
            [
              1476,
              886
            ],
            [
              1477,
              877
            ],
            [
              1474,
              877
            ],
            [
              1470,
              888
            ],
            [
              1455,
              891
            ],
            [
              1457,
              898
            ],
            [
              1484,
              898
            ],
            [
              1546,
              883
            ]
          ]
        ]
      },
      "properties": {}
    },
    {
      "type": "Feature",
      "geometry": {
        "type": "Polygon",
        "coordinates": [
          [
            [
              1278,
              873
            ],
            [
              1273,
              880
            ],
            [
              1207,
              893
            ],
            [
              1102,
              925
            ],
            [
              1109,
              912
            ],
            [
              1152,
              899
            ],
            [
              1278,
              873
            ]
          ]
        ]
      },
      "properties": {}
    },
    {
      "type": "Feature",
      "geometry": {
        "type": "Polygon",
        "coordinates": [
          [
            [
              520,
              853
            ],
            [
              502,
              883
            ],
            [
              510,
              891
            ],
            [
              515,
              882
            ],
            [
              522,
              892
            ],
            [
              512,
              894
            ],
            [
              506,
              928
            ],
            [
              484,
              936
            ],
            [
              486,
              908
            ],
            [
              462,
              901
            ],
            [
              435,
              949
            ],
            [
              471,
              968
            ],
            [
              489,
              941
            ],
            [
              493,
              961
            ],
            [
              482,
              981
            ],
            [
              530,
              893
            ],
            [
              522,
              881
            ],
            [
              536,
              863
            ],
            [
              520,
              853
            ]
          ]
        ]
      },
      "properties": {}
    },
    {
      "type": "Feature",
      "geometry": {
        "type": "Polygon",
        "coordinates": [
          [
            [
              461,
              902
            ],
            [
              477,
              904
            ],
            [
              485,
              909
            ],
            [
              478,
              928
            ],
            [
              484,
              941
            ],
            [
              471,
              967
            ],
            [
              465,
              967
            ],
            [
              436,
              952
            ],
            [
              440,
              940
            ],
            [
              456,
              925
            ],
            [
              452,
              915
            ],
            [
              461,
              902
            ]
          ]
        ]
      },
      "properties": {}
    },
    {
      "type": "Feature",
      "geometry": {
        "type": "Polygon",
        "coordinates": [
          [
            [
              1221,
              841
            ],
            [
              1212,
              846
            ],
            [
              1187,
              850
            ],
            [
              1186,
              853
            ],
            [
              1138,
              854
            ],
            [
              1134,
              851
            ],
            [
              1133,
              855
            ],
            [
              1123,
              857
            ],
            [
              1182,
              855
            ],
            [
              1218,
              845
            ],
            [
              1221,
              841
            ]
          ]
        ]
      },
      "properties": {}
    },
    {
      "type": "Feature",
      "geometry": {
        "type": "Polygon",
        "coordinates": [
          [
            [
              452,
              1068
            ],
            [
              454,
              1100
            ],
            [
              448,
              1136
            ],
            [
              423,
              1179
            ],
            [
              415,
              1186
            ],
            [
              399,
              1189
            ],
            [
              398,
              1183
            ],
            [
              423,
              1164
            ],
            [
              417,
              1145
            ],
            [
              431,
              1113
            ],
            [
              438,
              1069
            ],
            [
              452,
              1068
            ]
          ]
        ]
      },
      "properties": {}
    },
    {
      "type": "Feature",
      "geometry": {
        "type": "Polygon",
        "coordinates": [
          [
            [
              562,
              873
            ],
            [
              553,
              937
            ],
            [
              526,
              967
            ],
            [
              490,
              1030
            ],
            [
              463,
              1030
            ],
            [
              463,
              1020
            ],
            [
              501,
              996
            ],
            [
              500,
              983
            ],
            [
              514,
              972
            ],
            [
              536,
              931
            ],
            [
              548,
              875
            ],
            [
              562,
              873
            ]
          ]
        ]
      },
      "properties": {}
    },
    {
      "type": "Feature",
      "geometry": {
        "type": "Polygon",
        "coordinates": [
          [
            [
              950,
              851
            ],
            [
              954,
              864
            ],
            [
              952,
              870
            ],
            [
              919,
              881
            ],
            [
              913,
              881
            ],
            [
              909,
              876
            ],
            [
              908,
              869
            ],
            [
              941,
              850
            ],
            [
              948,
              849
            ],
            [
              950,
              851
            ]
          ]
        ]
      },
      "properties": {}
    },
    {
      "type": "Feature",
      "geometry": {
        "type": "Polygon",
        "coordinates": [
          [
            [
              991,
              839
            ],
            [
              995,
              846
            ],
            [
              995,
              851
            ],
            [
              992,
              854
            ],
            [
              962,
              865
            ],
            [
              958,
              865
            ],
            [
              955,
              862
            ],
            [
              951,
              846
            ],
            [
              956,
              842
            ],
            [
              978,
              832
            ],
            [
              983,
              832
            ],
            [
              991,
              839
            ]
          ]
        ]
      },
      "properties": {}
    },
    {
      "type": "Feature",
      "geometry": {
        "type": "Polygon",
        "coordinates": [
          [
            [
              796,
              961
            ],
            [
              824,
              911
            ],
            [
              833,
              906
            ],
            [
              834,
              893
            ],
            [
              853,
              895
            ],
            [
              856,
              901
            ],
            [
              866,
              897
            ],
            [
              890,
              903
            ],
            [
              907,
              919
            ],
            [
              875,
              951
            ],
            [
              850,
              912
            ],
            [
              817,
              970
            ],
            [
              796,
              961
            ]
          ]
        ]
      },
      "properties": {}
    },
    {
      "type": "Feature",
      "geometry": {
        "type": "Polygon",
        "coordinates": [
          [
            [
              796,
              869
            ],
            [
              795,
              874
            ],
            [
              767,
              893
            ],
            [
              746,
              903
            ],
            [
              740,
              902
            ],
            [
              742,
              887
            ],
            [
              754,
              876
            ],
            [
              774,
              864
            ],
            [
              778,
              857
            ],
            [
              782,
              857
            ],
            [
              796,
              869
            ]
          ]
        ]
      },
      "properties": {}
    },
    {
      "type": "Feature",
      "geometry": {
        "type": "Polygon",
        "coordinates": [
          [
            [
              791,
              845
            ],
            [
              832,
              821
            ],
            [
              836,
              821
            ],
            [
              845,
              835
            ],
            [
              853,
              859
            ],
            [
              839,
              875
            ],
            [
              833,
              875
            ],
            [
              798,
              856
            ],
            [
              791,
              849
            ],
            [
              791,
              845
            ]
          ]
        ]
      },
      "properties": {}
    },
    {
      "type": "Feature",
      "geometry": {
        "type": "Polygon",
        "coordinates": [
          [
            [
              1080,
              815
            ],
            [
              1081,
              828
            ],
            [
              1079,
              830
            ],
            [
              1083,
              832
            ],
            [
              1087,
              837
            ],
            [
              1099,
              838
            ],
            [
              1111,
              836
            ],
            [
              1110,
              832
            ],
            [
              1101,
              818
            ],
            [
              1096,
              814
            ],
            [
              1096,
              810
            ],
            [
              1093,
              810
            ],
            [
              1092,
              815
            ],
            [
              1080,
              815
            ]
          ]
        ]
      },
      "properties": {}
    },
    {
      "type": "Feature",
      "geometry": {
        "type": "Polygon",
        "coordinates": [
          [
            [
              1080,
              816
            ],
            [
              1081,
              815
            ],
            [
              1097,
              815
            ],
            [
              1108,
              830
            ],
            [
              1108,
              835
            ],
            [
              1106,
              837
            ],
            [
              1089,
              838
            ],
            [
              1084,
              832
            ],
            [
              1081,
              831
            ],
            [
              1080,
              816
            ]
          ]
        ]
      },
      "properties": {}
    },
    {
      "type": "Feature",
      "geometry": {
        "type": "Polygon",
        "coordinates": [
          [
            [
              1048,
              805
            ],
            [
              1036,
              807
            ],
            [
              1020,
              815
            ],
            [
              1020,
              819
            ],
            [
              1028,
              836
            ],
            [
              1035,
              834
            ],
            [
              1045,
              822
            ],
            [
              1049,
              807
            ],
            [
              1048,
              805
            ]
          ]
        ]
      },
      "properties": {}
    },
    {
      "type": "Feature",
      "geometry": {
        "type": "Polygon",
        "coordinates": [
          [
            [
              1047,
              805
            ],
            [
              1048,
              810
            ],
            [
              1045,
              821
            ],
            [
              1034,
              834
            ],
            [
              1028,
              835
            ],
            [
              1022,
              824
            ],
            [
              1021,
              816
            ],
            [
              1031,
              809
            ],
            [
              1042,
              805
            ],
            [
              1047,
              805
            ]
          ]
        ]
      },
      "properties": {}
    },
    {
      "type": "Feature",
      "geometry": {
        "type": "Polygon",
        "coordinates": [
          [
            [
              873,
              803
            ],
            [
              859,
              809
            ],
            [
              855,
              813
            ],
            [
              856,
              827
            ],
            [
              866,
              852
            ],
            [
              874,
              851
            ],
            [
              887,
              842
            ],
            [
              878,
              811
            ],
            [
              873,
              803
            ]
          ]
        ]
      },
      "properties": {}
    },
    {
      "type": "Feature",
      "geometry": {
        "type": "Polygon",
        "coordinates": [
          [
            [
              870,
              805
            ],
            [
              874,
              805
            ],
            [
              878,
              811
            ],
            [
              886,
              835
            ],
            [
              886,
              842
            ],
            [
              873,
              851
            ],
            [
              866,
              851
            ],
            [
              862,
              845
            ],
            [
              856,
              827
            ],
            [
              855,
              814
            ],
            [
              860,
              809
            ],
            [
              870,
              805
            ]
          ]
        ]
      },
      "properties": {}
    },
    {
      "type": "Feature",
      "geometry": {
        "type": "Polygon",
        "coordinates": [
          [
            [
              1224,
              834
            ],
            [
              1233,
              841
            ],
            [
              1233,
              832
            ],
            [
              1264,
              822
            ],
            [
              1302,
              836
            ],
            [
              1368,
              834
            ],
            [
              1366,
              842
            ],
            [
              1307,
              845
            ],
            [
              1398,
              839
            ],
            [
              1373,
              839
            ],
            [
              1383,
              831
            ],
            [
              1373,
              803
            ],
            [
              1319,
              799
            ],
            [
              1298,
              814
            ],
            [
              1287,
              798
            ],
            [
              1247,
              790
            ],
            [
              1252,
              802
            ],
            [
              1224,
              834
            ]
          ]
        ]
      },
      "properties": {}
    },
    {
      "type": "Feature",
      "geometry": {
        "type": "Polygon",
        "coordinates": [
          [
            [
              1236,
              823
            ],
            [
              1253,
              795
            ],
            [
              1287,
              798
            ],
            [
              1298,
              814
            ],
            [
              1318,
              801
            ],
            [
              1371,
              803
            ],
            [
              1379,
              832
            ],
            [
              1302,
              836
            ],
            [
              1264,
              822
            ],
            [
              1241,
              828
            ],
            [
              1236,
              823
            ]
          ]
        ]
      },
      "properties": {}
    },
    {
      "type": "Feature",
      "geometry": {
        "type": "Polygon",
        "coordinates": [
          [
            [
              503,
              779
            ],
            [
              474,
              834
            ],
            [
              474,
              851
            ],
            [
              494,
              852
            ],
            [
              502,
              848
            ],
            [
              504,
              840
            ],
            [
              535,
              844
            ],
            [
              546,
              854
            ],
            [
              567,
              817
            ],
            [
              547,
              842
            ],
            [
              535,
              841
            ],
            [
              532,
              802
            ],
            [
              503,
              779
            ]
          ]
        ]
      },
      "properties": {}
    },
    {
      "type": "Feature",
      "geometry": {
        "type": "Polygon",
        "coordinates": [
          [
            [
              474,
              835
            ],
            [
              478,
              830
            ],
            [
              482,
              830
            ],
            [
              498,
              839
            ],
            [
              502,
              843
            ],
            [
              502,
              847
            ],
            [
              499,
              850
            ],
            [
              494,
              852
            ],
            [
              477,
              853
            ],
            [
              473,
              849
            ],
            [
              474,
              835
            ]
          ]
        ]
      },
      "properties": {}
    },
    {
      "type": "Feature",
      "geometry": {
        "type": "Polygon",
        "coordinates": [
          [
            [
              504,
              781
            ],
            [
              508,
              781
            ],
            [
              532,
              803
            ],
            [
              534,
              840
            ],
            [
              530,
              844
            ],
            [
              513,
              842
            ],
            [
              482,
              826
            ],
            [
              492,
              797
            ],
            [
              504,
              781
            ]
          ]
        ]
      },
      "properties": {}
    },
    {
      "type": "Feature",
      "geometry": {
        "type": "Polygon",
        "coordinates": [
          [
            [
              392,
              762
            ],
            [
              394,
              771
            ],
            [
              403,
              786
            ],
            [
              410,
              785
            ],
            [
              421,
              780
            ],
            [
              420,
              762
            ],
            [
              399,
              761
            ],
            [
              392,
              762
            ]
          ]
        ]
      },
      "properties": {}
    },
    {
      "type": "Feature",
      "geometry": {
        "type": "Polygon",
        "coordinates": [
          [
            [
              393,
              763
            ],
            [
              394,
              762
            ],
            [
              419,
              762
            ],
            [
              421,
              764
            ],
            [
              421,
              779
            ],
            [
              410,
              785
            ],
            [
              403,
              785
            ],
            [
              393,
              768
            ],
            [
              393,
              763
            ]
          ]
        ]
      },
      "properties": {}
    },
    {
      "type": "Feature",
      "geometry": {
        "type": "Polygon",
        "coordinates": [
          [
            [
              738,
              749
            ],
            [
              695,
              761
            ],
            [
              689,
              786
            ],
            [
              681,
              789
            ],
            [
              681,
              801
            ],
            [
              689,
              805
            ],
            [
              682,
              820
            ],
            [
              693,
              823
            ],
            [
              702,
              876
            ],
            [
              697,
              907
            ],
            [
              724,
              871
            ],
            [
              716,
              841
            ],
            [
              699,
              823
            ],
            [
              737,
              831
            ],
            [
              742,
              820
            ],
            [
              732,
              760
            ],
            [
              738,
              749
            ]
          ]
        ]
      },
      "properties": {}
    },
    {
      "type": "Feature",
      "geometry": {
        "type": "Polygon",
        "coordinates": [
          [
            [
              695,
              828
            ],
            [
              703,
              829
            ],
            [
              714,
              839
            ],
            [
              723,
              859
            ],
            [
              723,
              877
            ],
            [
              715,
              888
            ],
            [
              707,
              891
            ],
            [
              702,
              890
            ],
            [
              703,
              882
            ],
            [
              694,
              837
            ],
            [
              695,
              828
            ]
          ]
        ]
      },
      "properties": {}
    },
    {
      "type": "Feature",
      "geometry": {
        "type": "Polygon",
        "coordinates": [
          [
            [
              699,
              759
            ],
            [
              722,
              752
            ],
            [
              732,
              753
            ],
            [
              739,
              784
            ],
            [
              734,
              794
            ],
            [
              739,
              799
            ],
            [
              740,
              824
            ],
            [
              737,
              830
            ],
            [
              712,
              821
            ],
            [
              694,
              823
            ],
            [
              690,
              819
            ],
            [
              692,
              765
            ],
            [
              699,
              759
            ]
          ]
        ]
      },
      "properties": {}
    },
    {
      "type": "Feature",
      "geometry": {
        "type": "Polygon",
        "coordinates": [
          [
            [
              998,
              745
            ],
            [
              987,
              749
            ],
            [
              955,
              770
            ],
            [
              955,
              772
            ],
            [
              961,
              775
            ],
            [
              967,
              787
            ],
            [
              970,
              787
            ],
            [
              977,
              780
            ],
            [
              1004,
              766
            ],
            [
              998,
              745
            ]
          ]
        ]
      },
      "properties": {}
    },
    {
      "type": "Feature",
      "geometry": {
        "type": "Polygon",
        "coordinates": [
          [
            [
              997,
              747
            ],
            [
              1003,
              760
            ],
            [
              1003,
              766
            ],
            [
              971,
              784
            ],
            [
              966,
              784
            ],
            [
              959,
              772
            ],
            [
              959,
              768
            ],
            [
              988,
              749
            ],
            [
              997,
              747
            ]
          ]
        ]
      },
      "properties": {}
    },
    {
      "type": "Feature",
      "geometry": {
        "type": "Polygon",
        "coordinates": [
          [
            [
              491,
              746
            ],
            [
              451,
              746
            ],
            [
              453,
              768
            ],
            [
              424,
              791
            ],
            [
              423,
              836
            ],
            [
              452,
              837
            ],
            [
              452,
              813
            ],
            [
              469,
              812
            ],
            [
              478,
              794
            ],
            [
              468,
              766
            ],
            [
              492,
              763
            ],
            [
              491,
              746
            ]
          ]
        ]
      },
      "properties": {}
    },
    {
      "type": "Feature",
      "geometry": {
        "type": "Polygon",
        "coordinates": [
          [
            [
              489,
              745
            ],
            [
              493,
              751
            ],
            [
              491,
              763
            ],
            [
              466,
              765
            ],
            [
              478,
              794
            ],
            [
              468,
              812
            ],
            [
              452,
              812
            ],
            [
              452,
              836
            ],
            [
              425,
              837
            ],
            [
              424,
              791
            ],
            [
              456,
              767
            ],
            [
              451,
              747
            ],
            [
              489,
              745
            ]
          ]
        ]
      },
      "properties": {}
    },
    {
      "type": "Feature",
      "geometry": {
        "type": "Polygon",
        "coordinates": [
          [
            [
              308,
              748
            ],
            [
              317,
              779
            ],
            [
              336,
              782
            ],
            [
              346,
              811
            ],
            [
              385,
              801
            ],
            [
              377,
              779
            ],
            [
              358,
              780
            ],
            [
              356,
              746
            ],
            [
              308,
              748
            ]
          ]
        ]
      },
      "properties": {}
    },
    {
      "type": "Feature",
      "geometry": {
        "type": "Polygon",
        "coordinates": [
          [
            [
              308,
              749
            ],
            [
              355,
              746
            ],
            [
              358,
              781
            ],
            [
              377,
              779
            ],
            [
              385,
              800
            ],
            [
              347,
              811
            ],
            [
              335,
              779
            ],
            [
              320,
              781
            ],
            [
              308,
              749
            ]
          ]
        ]
      },
      "properties": {}
    },
    {
      "type": "Feature",
      "geometry": {
        "type": "Polygon",
        "coordinates": [
          [
            [
              830,
              761
            ],
            [
              837,
              779
            ],
            [
              852,
              793
            ],
            [
              859,
              786
            ],
            [
              888,
              775
            ],
            [
              895,
              798
            ],
            [
              889,
              808
            ],
            [
              918,
              791
            ],
            [
              907,
              768
            ],
            [
              891,
              772
            ],
            [
              877,
              739
            ],
            [
              830,
              761
            ]
          ]
        ]
      },
      "properties": {}
    },
    {
      "type": "Feature",
      "geometry": {
        "type": "Polygon",
        "coordinates": [
          [
            [
              908,
              770
            ],
            [
              917,
              786
            ],
            [
              917,
              791
            ],
            [
              903,
              802
            ],
            [
              898,
              802
            ],
            [
              889,
              787
            ],
            [
              889,
              780
            ],
            [
              892,
              776
            ],
            [
              900,
              771
            ],
            [
              908,
              770
            ]
          ]
        ]
      },
      "properties": {}
    },
    {
      "type": "Feature",
      "geometry": {
        "type": "Polygon",
        "coordinates": [
          [
            [
              876,
              740
            ],
            [
              890,
              767
            ],
            [
              890,
              772
            ],
            [
              855,
              790
            ],
            [
              847,
              788
            ],
            [
              831,
              768
            ],
            [
              831,
              761
            ],
            [
              876,
              740
            ]
          ]
        ]
      },
      "properties": {}
    },
    {
      "type": "Feature",
      "geometry": {
        "type": "Polygon",
        "coordinates": [
          [
            [
              1150,
              739
            ],
            [
              1148,
              737
            ],
            [
              1142,
              737
            ],
            [
              1136,
              740
            ],
            [
              1121,
              756
            ],
            [
              1113,
              770
            ],
            [
              1118,
              772
            ],
            [
              1124,
              771
            ],
            [
              1147,
              754
            ],
            [
              1151,
              749
            ],
            [
              1150,
              739
            ]
          ]
        ]
      },
      "properties": {}
    },
    {
      "type": "Feature",
      "geometry": {
        "type": "Polygon",
        "coordinates": [
          [
            [
              1694,
              742
            ],
            [
              1682,
              722
            ],
            [
              1622,
              750
            ],
            [
              1604,
              764
            ],
            [
              1615,
              768
            ],
            [
              1623,
              779
            ],
            [
              1690,
              749
            ],
            [
              1694,
              742
            ]
          ]
        ]
      },
      "properties": {}
    },
    {
      "type": "Feature",
      "geometry": {
        "type": "Polygon",
        "coordinates": [
          [
            [
              1685,
              724
            ],
            [
              1693,
              746
            ],
            [
              1629,
              778
            ],
            [
              1623,
              778
            ],
            [
              1612,
              763
            ],
            [
              1613,
              757
            ],
            [
              1623,
              750
            ],
            [
              1677,
              724
            ],
            [
              1685,
              724
            ]
          ]
        ]
      },
      "properties": {}
    },
    {
      "type": "Feature",
      "geometry": {
        "type": "Polygon",
        "coordinates": [
          [
            [
              581,
              704
            ],
            [
              547,
              727
            ],
            [
              553,
              737
            ],
            [
              549,
              745
            ],
            [
              520,
              752
            ],
            [
              521,
              760
            ],
            [
              513,
              773
            ],
            [
              528,
              788
            ],
            [
              536,
              790
            ],
            [
              549,
              785
            ],
            [
              596,
              750
            ],
            [
              597,
              736
            ],
            [
              581,
              704
            ]
          ]
        ]
      },
      "properties": {}
    },
    {
      "type": "Feature",
      "geometry": {
        "type": "Polygon",
        "coordinates": [
          [
            [
              1102,
              700
            ],
            [
              1069,
              719
            ],
            [
              1064,
              726
            ],
            [
              1054,
              720
            ],
            [
              1048,
              722
            ],
            [
              1056,
              754
            ],
            [
              1062,
              756
            ],
            [
              1067,
              746
            ],
            [
              1072,
              745
            ],
            [
              1085,
              773
            ],
            [
              1107,
              762
            ],
            [
              1100,
              737
            ],
            [
              1115,
              734
            ],
            [
              1102,
              700
            ]
          ]
        ]
      },
      "properties": {}
    },
    {
      "type": "Feature",
      "geometry": {
        "type": "Polygon",
        "coordinates": [
          [
            [
              493,
              698
            ],
            [
              493,
              723
            ],
            [
              526,
              723
            ],
            [
              539,
              720
            ],
            [
              545,
              724
            ],
            [
              539,
              714
            ],
            [
              534,
              696
            ],
            [
              518,
              695
            ],
            [
              493,
              698
            ]
          ]
        ]
      },
      "properties": {}
    },
    {
      "type": "Feature",
      "geometry": {
        "type": "Polygon",
        "coordinates": [
          [
            [
              536,
              699
            ],
            [
              539,
              717
            ],
            [
              531,
              722
            ],
            [
              493,
              722
            ],
            [
              494,
              698
            ],
            [
              532,
              695
            ],
            [
              536,
              699
            ]
          ]
        ]
      },
      "properties": {}
    },
    {
      "type": "Feature",
      "geometry": {
        "type": "Polygon",
        "coordinates": [
          [
            [
              1133,
              684
            ],
            [
              1133,
              688
            ],
            [
              1128,
              690
            ],
            [
              1132,
              697
            ],
            [
              1149,
              714
            ],
            [
              1159,
              715
            ],
            [
              1174,
              725
            ],
            [
              1178,
              716
            ],
            [
              1175,
              699
            ],
            [
              1150,
              682
            ],
            [
              1150,
              677
            ],
            [
              1154,
              672
            ],
            [
              1149,
              674
            ],
            [
              1146,
              679
            ],
            [
              1133,
              684
            ]
          ]
        ]
      },
      "properties": {}
    },
    {
      "type": "Feature",
      "geometry": {
        "type": "Polygon",
        "coordinates": [
          [
            [
              1131,
              690
            ],
            [
              1137,
              689
            ],
            [
              1137,
              683
            ],
            [
              1141,
              680
            ],
            [
              1146,
              680
            ],
            [
              1174,
              699
            ],
            [
              1174,
              705
            ],
            [
              1178,
              711
            ],
            [
              1177,
              719
            ],
            [
              1173,
              722
            ],
            [
              1168,
              722
            ],
            [
              1160,
              715
            ],
            [
              1150,
              714
            ],
            [
              1132,
              696
            ],
            [
              1131,
              690
            ]
          ]
        ]
      },
      "properties": {}
    },
    {
      "type": "Feature",
      "geometry": {
        "type": "Polygon",
        "coordinates": [
          [
            [
              365,
              673
            ],
            [
              363,
              702
            ],
            [
              395,
              703
            ],
            [
              398,
              714
            ],
            [
              457,
              711
            ],
            [
              457,
              694
            ],
            [
              418,
              694
            ],
            [
              418,
              670
            ],
            [
              373,
              668
            ],
            [
              365,
              673
            ]
          ]
        ]
      },
      "properties": {}
    },
    {
      "type": "Feature",
      "geometry": {
        "type": "Polygon",
        "coordinates": [
          [
            [
              421,
              698
            ],
            [
              425,
              694
            ],
            [
              431,
              693
            ],
            [
              456,
              694
            ],
            [
              458,
              700
            ],
            [
              457,
              710
            ],
            [
              451,
              713
            ],
            [
              423,
              713
            ],
            [
              421,
              711
            ],
            [
              421,
              698
            ]
          ]
        ]
      },
      "properties": {}
    },
    {
      "type": "Feature",
      "geometry": {
        "type": "Polygon",
        "coordinates": [
          [
            [
              365,
              673
            ],
            [
              369,
              669
            ],
            [
              417,
              670
            ],
            [
              417,
              709
            ],
            [
              412,
              713
            ],
            [
              399,
              714
            ],
            [
              396,
              703
            ],
            [
              364,
              702
            ],
            [
              365,
              673
            ]
          ]
        ]
      },
      "properties": {}
    },
    {
      "type": "Feature",
      "geometry": {
        "type": "Polygon",
        "coordinates": [
          [
            [
              746,
              666
            ],
            [
              755,
              665
            ],
            [
              759,
              669
            ],
            [
              769,
              692
            ],
            [
              768,
              698
            ],
            [
              764,
              698
            ],
            [
              752,
              691
            ],
            [
              738,
              689
            ],
            [
              741,
              672
            ],
            [
              746,
              666
            ]
          ]
        ]
      },
      "properties": {}
    },
    {
      "type": "Feature",
      "geometry": {
        "type": "Polygon",
        "coordinates": [
          [
            [
              1653,
              661
            ],
            [
              1640,
              666
            ],
            [
              1633,
              672
            ],
            [
              1644,
              703
            ],
            [
              1649,
              702
            ],
            [
              1664,
              684
            ],
            [
              1660,
              669
            ],
            [
              1653,
              661
            ]
          ]
        ]
      },
      "properties": {}
    },
    {
      "type": "Feature",
      "geometry": {
        "type": "Polygon",
        "coordinates": [
          [
            [
              1654,
              662
            ],
            [
              1662,
              674
            ],
            [
              1663,
              684
            ],
            [
              1657,
              693
            ],
            [
              1648,
              702
            ],
            [
              1644,
              702
            ],
            [
              1634,
              678
            ],
            [
              1634,
              672
            ],
            [
              1641,
              666
            ],
            [
              1649,
              662
            ],
            [
              1654,
              662
            ]
          ]
        ]
      },
      "properties": {}
    },
    {
      "type": "Feature",
      "geometry": {
        "type": "Polygon",
        "coordinates": [
          [
            [
              1217,
              741
            ],
            [
              1218,
              756
            ],
            [
              1213,
              764
            ],
            [
              1162,
              784
            ],
            [
              1151,
              783
            ],
            [
              1154,
              776
            ],
            [
              1169,
              769
            ],
            [
              1163,
              757
            ],
            [
              1165,
              750
            ],
            [
              1209,
              737
            ],
            [
              1217,
              741
            ]
          ]
        ]
      },
      "properties": {}
    },
    {
      "type": "Feature",
      "geometry": {
        "type": "Polygon",
        "coordinates": [
          [
            [
              1287,
              721
            ],
            [
              1291,
              732
            ],
            [
              1288,
              744
            ],
            [
              1296,
              749
            ],
            [
              1295,
              756
            ],
            [
              1288,
              756
            ],
            [
              1287,
              750
            ],
            [
              1277,
              750
            ],
            [
              1234,
              773
            ],
            [
              1225,
              773
            ],
            [
              1226,
              760
            ],
            [
              1233,
              748
            ],
            [
              1225,
              738
            ],
            [
              1231,
              729
            ],
            [
              1245,
              722
            ],
            [
              1258,
              722
            ],
            [
              1264,
              727
            ],
            [
              1269,
              723
            ],
            [
              1287,
              721
            ]
          ]
        ]
      },
      "properties": {}
    },
    {
      "type": "Feature",
      "geometry": {
        "type": "Polygon",
        "coordinates": [
          [
            [
              1405,
              671
            ],
            [
              1406,
              683
            ],
            [
              1385,
              703
            ],
            [
              1385,
              724
            ],
            [
              1373,
              737
            ],
            [
              1367,
              774
            ],
            [
              1329,
              790
            ],
            [
              1289,
              779
            ],
            [
              1304,
              771
            ],
            [
              1311,
              753
            ],
            [
              1331,
              758
            ],
            [
              1327,
              747
            ],
            [
              1316,
              748
            ],
            [
              1328,
              729
            ],
            [
              1345,
              720
            ],
            [
              1345,
              712
            ],
            [
              1393,
              670
            ],
            [
              1405,
              671
            ]
          ]
        ]
      },
      "properties": {}
    },
    {
      "type": "Feature",
      "geometry": {
        "type": "Polygon",
        "coordinates": [
          [
            [
              1257,
              634
            ],
            [
              1267,
              633
            ],
            [
              1274,
              640
            ],
            [
              1284,
              655
            ],
            [
              1284,
              661
            ],
            [
              1276,
              669
            ],
            [
              1272,
              669
            ],
            [
              1256,
              640
            ],
            [
              1257,
              634
            ]
          ]
        ]
      },
      "properties": {}
    },
    {
      "type": "Feature",
      "geometry": {
        "type": "Polygon",
        "coordinates": [
          [
            [
              381,
              611
            ],
            [
              365,
              613
            ],
            [
              358,
              617
            ],
            [
              357,
              629
            ],
            [
              359,
              640
            ],
            [
              381,
              640
            ],
            [
              381,
              611
            ]
          ]
        ]
      },
      "properties": {}
    },
    {
      "type": "Feature",
      "geometry": {
        "type": "Polygon",
        "coordinates": [
          [
            [
              365,
              613
            ],
            [
              369,
              612
            ],
            [
              381,
              613
            ],
            [
              380,
              640
            ],
            [
              360,
              640
            ],
            [
              358,
              638
            ],
            [
              357,
              621
            ],
            [
              365,
              613
            ]
          ]
        ]
      },
      "properties": {}
    },
    {
      "type": "Feature",
      "geometry": {
        "type": "Polygon",
        "coordinates": [
          [
            [
              969,
              610
            ],
            [
              922,
              633
            ],
            [
              928,
              651
            ],
            [
              936,
              662
            ],
            [
              942,
              661
            ],
            [
              963,
              646
            ],
            [
              951,
              630
            ],
            [
              951,
              625
            ],
            [
              971,
              618
            ],
            [
              969,
              610
            ]
          ]
        ]
      },
      "properties": {}
    },
    {
      "type": "Feature",
      "geometry": {
        "type": "Polygon",
        "coordinates": [
          [
            [
              947,
              622
            ],
            [
              948,
              628
            ],
            [
              961,
              642
            ],
            [
              961,
              647
            ],
            [
              941,
              661
            ],
            [
              936,
              661
            ],
            [
              928,
              651
            ],
            [
              923,
              638
            ],
            [
              923,
              633
            ],
            [
              942,
              622
            ],
            [
              947,
              622
            ]
          ]
        ]
      },
      "properties": {}
    },
    {
      "type": "Feature",
      "geometry": {
        "type": "Polygon",
        "coordinates": [
          [
            [
              1034,
              605
            ],
            [
              1005,
              623
            ],
            [
              1012,
              641
            ],
            [
              996,
              651
            ],
            [
              1005,
              675
            ],
            [
              983,
              691
            ],
            [
              993,
              713
            ],
            [
              1019,
              706
            ],
            [
              1008,
              679
            ],
            [
              1027,
              682
            ],
            [
              1079,
              659
            ],
            [
              1062,
              623
            ],
            [
              1041,
              630
            ],
            [
              1034,
              605
            ]
          ]
        ]
      },
      "properties": {}
    },
    {
      "type": "Feature",
      "geometry": {
        "type": "Polygon",
        "coordinates": [
          [
            [
              1005,
              676
            ],
            [
              1006,
              683
            ],
            [
              1018,
              702
            ],
            [
              1018,
              707
            ],
            [
              1013,
              708
            ],
            [
              1012,
              705
            ],
            [
              1010,
              705
            ],
            [
              1000,
              712
            ],
            [
              994,
              713
            ],
            [
              984,
              698
            ],
            [
              984,
              690
            ],
            [
              996,
              683
            ],
            [
              1001,
              676
            ],
            [
              1005,
              676
            ]
          ]
        ]
      },
      "properties": {}
    },
    {
      "type": "Feature",
      "geometry": {
        "type": "Polygon",
        "coordinates": [
          [
            [
              1034,
              607
            ],
            [
              1042,
              632
            ],
            [
              1056,
              623
            ],
            [
              1065,
              627
            ],
            [
              1078,
              658
            ],
            [
              1058,
              668
            ],
            [
              1051,
              662
            ],
            [
              1038,
              677
            ],
            [
              1018,
              683
            ],
            [
              1005,
              671
            ],
            [
              996,
              652
            ],
            [
              1014,
              641
            ],
            [
              1007,
              623
            ],
            [
              1034,
              607
            ]
          ]
        ]
      },
      "properties": {}
    },
    {
      "type": "Feature",
      "geometry": {
        "type": "Polygon",
        "coordinates": [
          [
            [
              591,
              600
            ],
            [
              586,
              601
            ],
            [
              577,
              617
            ],
            [
              559,
              661
            ],
            [
              560,
              672
            ],
            [
              574,
              671
            ],
            [
              589,
              643
            ],
            [
              592,
              631
            ],
            [
              583,
              627
            ],
            [
              581,
              621
            ],
            [
              591,
              600
            ]
          ]
        ]
      },
      "properties": {}
    },
    {
      "type": "Feature",
      "geometry": {
        "type": "Polygon",
        "coordinates": [
          [
            [
              591,
              632
            ],
            [
              591,
              638
            ],
            [
              578,
              666
            ],
            [
              572,
              672
            ],
            [
              561,
              672
            ],
            [
              559,
              670
            ],
            [
              559,
              661
            ],
            [
              573,
              627
            ],
            [
              579,
              625
            ],
            [
              591,
              632
            ]
          ]
        ]
      },
      "properties": {}
    },
    {
      "type": "Feature",
      "geometry": {
        "type": "Polygon",
        "coordinates": [
          [
            [
              856,
              602
            ],
            [
              858,
              611
            ],
            [
              876,
              640
            ],
            [
              886,
              639
            ],
            [
              896,
              633
            ],
            [
              877,
              599
            ],
            [
              867,
              597
            ],
            [
              862,
              601
            ],
            [
              856,
              602
            ]
          ]
        ]
      },
      "properties": {}
    },
    {
      "type": "Feature",
      "geometry": {
        "type": "Polygon",
        "coordinates": [
          [
            [
              857,
              603
            ],
            [
              867,
              598
            ],
            [
              876,
              599
            ],
            [
              894,
              628
            ],
            [
              894,
              634
            ],
            [
              886,
              639
            ],
            [
              877,
              640
            ],
            [
              858,
              610
            ],
            [
              857,
              603
            ]
          ]
        ]
      },
      "properties": {}
    },
    {
      "type": "Feature",
      "geometry": {
        "type": "Polygon",
        "coordinates": [
          [
            [
              1435,
              592
            ],
            [
              1418,
              603
            ],
            [
              1432,
              640
            ],
            [
              1418,
              653
            ],
            [
              1464,
              764
            ],
            [
              1482,
              745
            ],
            [
              1480,
              728
            ],
            [
              1488,
              713
            ],
            [
              1476,
              695
            ],
            [
              1452,
              701
            ],
            [
              1440,
              668
            ],
            [
              1448,
              662
            ],
            [
              1440,
              638
            ],
            [
              1458,
              624
            ],
            [
              1443,
              594
            ],
            [
              1435,
              592
            ]
          ]
        ]
      },
      "properties": {}
    },
    {
      "type": "Feature",
      "geometry": {
        "type": "Polygon",
        "coordinates": [
          [
            [
              1480,
              733
            ],
            [
              1483,
              736
            ],
            [
              1482,
              744
            ],
            [
              1466,
              762
            ],
            [
              1461,
              762
            ],
            [
              1457,
              756
            ],
            [
              1455,
              745
            ],
            [
              1475,
              733
            ],
            [
              1480,
              733
            ]
          ]
        ]
      },
      "properties": {}
    },
    {
      "type": "Feature",
      "geometry": {
        "type": "Polygon",
        "coordinates": [
          [
            [
              1439,
              592
            ],
            [
              1447,
              601
            ],
            [
              1457,
              621
            ],
            [
              1457,
              625
            ],
            [
              1436,
              640
            ],
            [
              1432,
              640
            ],
            [
              1419,
              612
            ],
            [
              1418,
              603
            ],
            [
              1426,
              596
            ],
            [
              1439,
              592
            ]
          ]
        ]
      },
      "properties": {}
    },
    {
      "type": "Feature",
      "geometry": {
        "type": "Polygon",
        "coordinates": [
          [
            [
              422,
              633
            ],
            [
              425,
              673
            ],
            [
              462,
              669
            ],
            [
              470,
              635
            ],
            [
              507,
              641
            ],
            [
              502,
              670
            ],
            [
              549,
              671
            ],
            [
              552,
              664
            ],
            [
              542,
              651
            ],
            [
              551,
              618
            ],
            [
              530,
              611
            ],
            [
              523,
              625
            ],
            [
              527,
              640
            ],
            [
              511,
              640
            ],
            [
              518,
              609
            ],
            [
              480,
              592
            ],
            [
              469,
              633
            ],
            [
              422,
              633
            ]
          ]
        ]
      },
      "properties": {}
    },
    {
      "type": "Feature",
      "geometry": {
        "type": "Polygon",
        "coordinates": [
          [
            [
              422,
              634
            ],
            [
              466,
              633
            ],
            [
              469,
              645
            ],
            [
              465,
              653
            ],
            [
              463,
              667
            ],
            [
              459,
              670
            ],
            [
              426,
              669
            ],
            [
              422,
              634
            ]
          ]
        ]
      },
      "properties": {}
    },
    {
      "type": "Feature",
      "geometry": {
        "type": "Polygon",
        "coordinates": [
          [
            [
              477,
              594
            ],
            [
              483,
              594
            ],
            [
              517,
              610
            ],
            [
              514,
              625
            ],
            [
              507,
              639
            ],
            [
              494,
              639
            ],
            [
              471,
              634
            ],
            [
              477,
              594
            ]
          ]
        ]
      },
      "properties": {}
    },
    {
      "type": "Feature",
      "geometry": {
        "type": "Polygon",
        "coordinates": [
          [
            [
              855,
              672
            ],
            [
              855,
              676
            ],
            [
              843,
              687
            ],
            [
              848,
              702
            ],
            [
              848,
              710
            ],
            [
              845,
              713
            ],
            [
              829,
              718
            ],
            [
              820,
              704
            ],
            [
              792,
              710
            ],
            [
              790,
              701
            ],
            [
              799,
              692
            ],
            [
              842,
              669
            ],
            [
              855,
              672
            ]
          ]
        ]
      },
      "properties": {}
    },
    {
      "type": "Feature",
      "geometry": {
        "type": "Polygon",
        "coordinates": [
          [
            [
              825,
              598
            ],
            [
              831,
              599
            ],
            [
              862,
              649
            ],
            [
              862,
              654
            ],
            [
              850,
              662
            ],
            [
              844,
              661
            ],
            [
              820,
              612
            ],
            [
              819,
              603
            ],
            [
              825,
              598
            ]
          ]
        ]
      },
      "properties": {}
    },
    {
      "type": "Feature",
      "geometry": {
        "type": "Polygon",
        "coordinates": [
          [
            [
              1360,
              573
            ],
            [
              1357,
              581
            ],
            [
              1341,
              586
            ],
            [
              1337,
              592
            ],
            [
              1360,
              649
            ],
            [
              1365,
              649
            ],
            [
              1382,
              638
            ],
            [
              1360,
              583
            ],
            [
              1360,
              578
            ],
            [
              1366,
              575
            ],
            [
              1360,
              573
            ]
          ]
        ]
      },
      "properties": {}
    },
    {
      "type": "Feature",
      "geometry": {
        "type": "Polygon",
        "coordinates": [
          [
            [
              1355,
              581
            ],
            [
              1359,
              581
            ],
            [
              1380,
              633
            ],
            [
              1380,
              640
            ],
            [
              1365,
              649
            ],
            [
              1360,
              648
            ],
            [
              1338,
              595
            ],
            [
              1339,
              588
            ],
            [
              1355,
              581
            ]
          ]
        ]
      },
      "properties": {}
    },
    {
      "type": "Feature",
      "geometry": {
        "type": "Polygon",
        "coordinates": [
          [
            [
              451,
              563
            ],
            [
              515,
              581
            ],
            [
              599,
              587
            ],
            [
              627,
              599
            ],
            [
              605,
              586
            ],
            [
              515,
              578
            ],
            [
              451,
              563
            ]
          ]
        ]
      },
      "properties": {}
    },
    {
      "type": "Feature",
      "geometry": {
        "type": "Polygon",
        "coordinates": [
          [
            [
              350,
              546
            ],
            [
              315,
              550
            ],
            [
              286,
              564
            ],
            [
              285,
              568
            ],
            [
              290,
              570
            ],
            [
              297,
              585
            ],
            [
              306,
              591
            ],
            [
              317,
              580
            ],
            [
              328,
              581
            ],
            [
              320,
              557
            ],
            [
              332,
              556
            ],
            [
              336,
              548
            ],
            [
              350,
              546
            ]
          ]
        ]
      },
      "properties": {}
    },
    {
      "type": "Feature",
      "geometry": {
        "type": "Polygon",
        "coordinates": [
          [
            [
              314,
              554
            ],
            [
              315,
              558
            ],
            [
              326,
              570
            ],
            [
              327,
              578
            ],
            [
              318,
              579
            ],
            [
              307,
              589
            ],
            [
              303,
              589
            ],
            [
              294,
              580
            ],
            [
              292,
              576
            ],
            [
              292,
              570
            ],
            [
              304,
              559
            ],
            [
              305,
              555
            ],
            [
              314,
              554
            ]
          ]
        ]
      },
      "properties": {}
    },
    {
      "type": "Feature",
      "geometry": {
        "type": "Polygon",
        "coordinates": [
          [
            [
              375,
              541
            ],
            [
              420,
              559
            ],
            [
              413,
              572
            ],
            [
              390,
              578
            ],
            [
              415,
              578
            ],
            [
              418,
              585
            ],
            [
              438,
              588
            ],
            [
              441,
              601
            ],
            [
              462,
              599
            ],
            [
              465,
              582
            ],
            [
              446,
              581
            ],
            [
              429,
              566
            ],
            [
              430,
              561
            ],
            [
              443,
              560
            ],
            [
              375,
              541
            ]
          ]
        ]
      },
      "properties": {}
    },
    {
      "type": "Feature",
      "geometry": {
        "type": "Polygon",
        "coordinates": [
          [
            [
              818,
              539
            ],
            [
              817,
              542
            ],
            [
              828,
              554
            ],
            [
              831,
              563
            ],
            [
              837,
              568
            ],
            [
              840,
              577
            ],
            [
              843,
              579
            ],
            [
              857,
              539
            ],
            [
              834,
              537
            ],
            [
              818,
              539
            ]
          ]
        ]
      },
      "properties": {}
    },
    {
      "type": "Feature",
      "geometry": {
        "type": "Polygon",
        "coordinates": [
          [
            [
              821,
              538
            ],
            [
              834,
              537
            ],
            [
              856,
              539
            ],
            [
              855,
              548
            ],
            [
              844,
              575
            ],
            [
              840,
              575
            ],
            [
              837,
              571
            ],
            [
              837,
              567
            ],
            [
              831,
              562
            ],
            [
              828,
              556
            ],
            [
              828,
              550
            ],
            [
              825,
              550
            ],
            [
              820,
              544
            ],
            [
              821,
              538
            ]
          ]
        ]
      },
      "properties": {}
    },
    {
      "type": "Feature",
      "geometry": {
        "type": "Polygon",
        "coordinates": [
          [
            [
              805,
              537
            ],
            [
              801,
              537
            ],
            [
              790,
              544
            ],
            [
              780,
              555
            ],
            [
              780,
              557
            ],
            [
              793,
              573
            ],
            [
              798,
              572
            ],
            [
              816,
              560
            ],
            [
              816,
              554
            ],
            [
              805,
              537
            ]
          ]
        ]
      },
      "properties": {}
    },
    {
      "type": "Feature",
      "geometry": {
        "type": "Polygon",
        "coordinates": [
          [
            [
              805,
              538
            ],
            [
              815,
              553
            ],
            [
              816,
              559
            ],
            [
              798,
              571
            ],
            [
              793,
              571
            ],
            [
              782,
              558
            ],
            [
              782,
              553
            ],
            [
              786,
              548
            ],
            [
              800,
              538
            ],
            [
              805,
              538
            ]
          ]
        ]
      },
      "properties": {}
    },
    {
      "type": "Feature",
      "geometry": {
        "type": "Polygon",
        "coordinates": [
          [
            [
              516,
              552
            ],
            [
              518,
              550
            ],
            [
              533,
              550
            ],
            [
              562,
              553
            ],
            [
              567,
              556
            ],
            [
              567,
              562
            ],
            [
              556,
              563
            ],
            [
              521,
              559
            ],
            [
              516,
              557
            ],
            [
              516,
              552
            ]
          ]
        ]
      },
      "properties": {}
    },
    {
      "type": "Feature",
      "geometry": {
        "type": "Polygon",
        "coordinates": [
          [
            [
              1547,
              748
            ],
            [
              1551,
              752
            ],
            [
              1556,
              763
            ],
            [
              1557,
              775
            ],
            [
              1541,
              785
            ],
            [
              1536,
              785
            ],
            [
              1531,
              771
            ],
            [
              1529,
              756
            ],
            [
              1537,
              750
            ],
            [
              1547,
              748
            ]
          ]
        ]
      },
      "properties": {}
    },
    {
      "type": "Feature",
      "geometry": {
        "type": "Polygon",
        "coordinates": [
          [
            [
              1516,
              736
            ],
            [
              1523,
              748
            ],
            [
              1523,
              755
            ],
            [
              1510,
              761
            ],
            [
              1503,
              761
            ],
            [
              1498,
              754
            ],
            [
              1498,
              745
            ],
            [
              1509,
              737
            ],
            [
              1516,
              736
            ]
          ]
        ]
      },
      "properties": {}
    },
    {
      "type": "Feature",
      "geometry": {
        "type": "Polygon",
        "coordinates": [
          [
            [
              1507,
              682
            ],
            [
              1515,
              688
            ],
            [
              1515,
              694
            ],
            [
              1508,
              705
            ],
            [
              1503,
              710
            ],
            [
              1499,
              710
            ],
            [
              1497,
              708
            ],
            [
              1491,
              694
            ],
            [
              1491,
              688
            ],
            [
              1497,
              684
            ],
            [
              1507,
              682
            ]
          ]
        ]
      },
      "properties": {}
    },
    {
      "type": "Feature",
      "geometry": {
        "type": "Polygon",
        "coordinates": [
          [
            [
              1515,
              632
            ],
            [
              1523,
              652
            ],
            [
              1525,
              662
            ],
            [
              1511,
              670
            ],
            [
              1507,
              670
            ],
            [
              1505,
              637
            ],
            [
              1510,
              632
            ],
            [
              1515,
              632
            ]
          ]
        ]
      },
      "properties": {}
    },
    {
      "type": "Feature",
      "geometry": {
        "type": "Polygon",
        "coordinates": [
          [
            [
              1602,
              628
            ],
            [
              1604,
              632
            ],
            [
              1605,
              649
            ],
            [
              1592,
              658
            ],
            [
              1586,
              659
            ],
            [
              1580,
              643
            ],
            [
              1580,
              639
            ],
            [
              1589,
              632
            ],
            [
              1597,
              628
            ],
            [
              1602,
              628
            ]
          ]
        ]
      },
      "properties": {}
    },
    {
      "type": "Feature",
      "geometry": {
        "type": "Polygon",
        "coordinates": [
          [
            [
              1584,
              571
            ],
            [
              1594,
              616
            ],
            [
              1580,
              623
            ],
            [
              1566,
              600
            ],
            [
              1549,
              611
            ],
            [
              1576,
              666
            ],
            [
              1620,
              653
            ],
            [
              1623,
              671
            ],
            [
              1603,
              684
            ],
            [
              1624,
              735
            ],
            [
              1603,
              740
            ],
            [
              1577,
              697
            ],
            [
              1568,
              709
            ],
            [
              1587,
              755
            ],
            [
              1568,
              761
            ],
            [
              1543,
              719
            ],
            [
              1510,
              731
            ],
            [
              1500,
              720
            ],
            [
              1556,
              682
            ],
            [
              1530,
              622
            ],
            [
              1496,
              639
            ],
            [
              1480,
              620
            ],
            [
              1584,
              571
            ]
          ]
        ]
      },
      "properties": {}
    },
    {
      "type": "Feature",
      "geometry": {
        "type": "Polygon",
        "coordinates": [
          [
            [
              1471,
              535
            ],
            [
              1475,
              535
            ],
            [
              1481,
              544
            ],
            [
              1496,
              590
            ],
            [
              1509,
              594
            ],
            [
              1508,
              600
            ],
            [
              1485,
              614
            ],
            [
              1479,
              612
            ],
            [
              1463,
              573
            ],
            [
              1461,
              559
            ],
            [
              1455,
              553
            ],
            [
              1456,
              546
            ],
            [
              1471,
              535
            ]
          ]
        ]
      },
      "properties": {}
    },
    {
      "type": "Feature",
      "geometry": {
        "type": "Polygon",
        "coordinates": [
          [
            [
              1502,
              529
            ],
            [
              1509,
              529
            ],
            [
              1530,
              539
            ],
            [
              1530,
              545
            ],
            [
              1546,
              574
            ],
            [
              1545,
              581
            ],
            [
              1532,
              581
            ],
            [
              1521,
              567
            ],
            [
              1512,
              566
            ],
            [
              1506,
              561
            ],
            [
              1499,
              545
            ],
            [
              1499,
              533
            ],
            [
              1502,
              529
            ]
          ]
        ]
      },
      "properties": {}
    },
    {
      "type": "Feature",
      "geometry": {
        "type": "Polygon",
        "coordinates": [
          [
            [
              1392,
              526
            ],
            [
              1386,
              525
            ],
            [
              1371,
              533
            ],
            [
              1375,
              557
            ],
            [
              1393,
              555
            ],
            [
              1399,
              552
            ],
            [
              1400,
              547
            ],
            [
              1398,
              537
            ],
            [
              1392,
              526
            ]
          ]
        ]
      },
      "properties": {}
    },
    {
      "type": "Feature",
      "geometry": {
        "type": "Polygon",
        "coordinates": [
          [
            [
              1391,
              526
            ],
            [
              1398,
              537
            ],
            [
              1399,
              551
            ],
            [
              1393,
              555
            ],
            [
              1376,
              557
            ],
            [
              1374,
              555
            ],
            [
              1371,
              534
            ],
            [
              1373,
              532
            ],
            [
              1378,
              531
            ],
            [
              1384,
              526
            ],
            [
              1391,
              526
            ]
          ]
        ]
      },
      "properties": {}
    },
    {
      "type": "Feature",
      "geometry": {
        "type": "Polygon",
        "coordinates": [
          [
            [
              936,
              522
            ],
            [
              914,
              538
            ],
            [
              902,
              530
            ],
            [
              899,
              519
            ],
            [
              889,
              520
            ],
            [
              874,
              530
            ],
            [
              889,
              591
            ],
            [
              929,
              572
            ],
            [
              923,
              557
            ],
            [
              947,
              542
            ],
            [
              936,
              522
            ]
          ]
        ]
      },
      "properties": {}
    },
    {
      "type": "Feature",
      "geometry": {
        "type": "Polygon",
        "coordinates": [
          [
            [
              1018,
              505
            ],
            [
              1014,
              506
            ],
            [
              992,
              525
            ],
            [
              993,
              536
            ],
            [
              989,
              537
            ],
            [
              990,
              540
            ],
            [
              996,
              544
            ],
            [
              998,
              542
            ],
            [
              1010,
              541
            ],
            [
              1022,
              543
            ],
            [
              1019,
              531
            ],
            [
              1011,
              518
            ],
            [
              1011,
              514
            ],
            [
              1018,
              505
            ]
          ]
        ]
      },
      "properties": {}
    },
    {
      "type": "Feature",
      "geometry": {
        "type": "Polygon",
        "coordinates": [
          [
            [
              992,
              526
            ],
            [
              1004,
              515
            ],
            [
              1009,
              515
            ],
            [
              1021,
              536
            ],
            [
              1021,
              540
            ],
            [
              1001,
              542
            ],
            [
              994,
              534
            ],
            [
              992,
              530
            ],
            [
              992,
              526
            ]
          ]
        ]
      },
      "properties": {}
    },
    {
      "type": "Feature",
      "geometry": {
        "type": "Polygon",
        "coordinates": [
          [
            [
              1188,
              485
            ],
            [
              1158,
              514
            ],
            [
              1198,
              590
            ],
            [
              1197,
              597
            ],
            [
              1214,
              608
            ],
            [
              1214,
              578
            ],
            [
              1200,
              547
            ],
            [
              1200,
              540
            ],
            [
              1214,
              529
            ],
            [
              1188,
              485
            ]
          ]
        ]
      },
      "properties": {}
    },
    {
      "type": "Feature",
      "geometry": {
        "type": "Polygon",
        "coordinates": [
          [
            [
              1186,
              487
            ],
            [
              1191,
              488
            ],
            [
              1212,
              525
            ],
            [
              1211,
              533
            ],
            [
              1199,
              544
            ],
            [
              1214,
              578
            ],
            [
              1215,
              606
            ],
            [
              1200,
              599
            ],
            [
              1201,
              592
            ],
            [
              1159,
              517
            ],
            [
              1186,
              487
            ]
          ]
        ]
      },
      "properties": {}
    },
    {
      "type": "Feature",
      "geometry": {
        "type": "Polygon",
        "coordinates": [
          [
            [
              1129,
              483
            ],
            [
              1117,
              487
            ],
            [
              1113,
              494
            ],
            [
              1123,
              511
            ],
            [
              1130,
              518
            ],
            [
              1132,
              518
            ],
            [
              1144,
              509
            ],
            [
              1150,
              508
            ],
            [
              1142,
              490
            ],
            [
              1135,
              484
            ],
            [
              1129,
              483
            ]
          ]
        ]
      },
      "properties": {}
    },
    {
      "type": "Feature",
      "geometry": {
        "type": "Polygon",
        "coordinates": [
          [
            [
              1119,
              486
            ],
            [
              1133,
              483
            ],
            [
              1143,
              492
            ],
            [
              1147,
              501
            ],
            [
              1147,
              505
            ],
            [
              1134,
              516
            ],
            [
              1129,
              516
            ],
            [
              1123,
              510
            ],
            [
              1114,
              496
            ],
            [
              1114,
              491
            ],
            [
              1119,
              486
            ]
          ]
        ]
      },
      "properties": {}
    },
    {
      "type": "Feature",
      "geometry": {
        "type": "Polygon",
        "coordinates": [
          [
            [
              501,
              504
            ],
            [
              489,
              482
            ],
            [
              484,
              480
            ],
            [
              457,
              497
            ],
            [
              442,
              501
            ],
            [
              437,
              505
            ],
            [
              435,
              512
            ],
            [
              461,
              519
            ],
            [
              488,
              522
            ],
            [
              501,
              504
            ]
          ]
        ]
      },
      "properties": {}
    },
    {
      "type": "Feature",
      "geometry": {
        "type": "Polygon",
        "coordinates": [
          [
            [
              500,
              503
            ],
            [
              500,
              507
            ],
            [
              487,
              522
            ],
            [
              461,
              519
            ],
            [
              436,
              512
            ],
            [
              437,
              506
            ],
            [
              446,
              499
            ],
            [
              457,
              497
            ],
            [
              483,
              481
            ],
            [
              489,
              483
            ],
            [
              500,
              503
            ]
          ]
        ]
      },
      "properties": {}
    },
    {
      "type": "Feature",
      "geometry": {
        "type": "Polygon",
        "coordinates": [
          [
            [
              270,
              479
            ],
            [
              247,
              479
            ],
            [
              241,
              483
            ],
            [
              229,
              495
            ],
            [
              229,
              497
            ],
            [
              252,
              513
            ],
            [
              260,
              507
            ],
            [
              262,
              488
            ],
            [
              270,
              484
            ],
            [
              270,
              479
            ]
          ]
        ]
      },
      "properties": {}
    },
    {
      "type": "Feature",
      "geometry": {
        "type": "Polygon",
        "coordinates": [
          [
            [
              266,
              478
            ],
            [
              269,
              480
            ],
            [
              269,
              484
            ],
            [
              263,
              486
            ],
            [
              260,
              506
            ],
            [
              255,
              511
            ],
            [
              248,
              511
            ],
            [
              232,
              498
            ],
            [
              232,
              493
            ],
            [
              246,
              480
            ],
            [
              251,
              478
            ],
            [
              266,
              478
            ]
          ]
        ]
      },
      "properties": {}
    },
    {
      "type": "Feature",
      "geometry": {
        "type": "Polygon",
        "coordinates": [
          [
            [
              128,
              479
            ],
            [
              122,
              478
            ],
            [
              118,
              475
            ],
            [
              111,
              475
            ],
            [
              104,
              480
            ],
            [
              99,
              500
            ],
            [
              101,
              518
            ],
            [
              103,
              518
            ],
            [
              123,
              496
            ],
            [
              129,
              484
            ],
            [
              128,
              479
            ]
          ]
        ]
      },
      "properties": {}
    },
    {
      "type": "Feature",
      "geometry": {
        "type": "Polygon",
        "coordinates": [
          [
            [
              127,
              479
            ],
            [
              128,
              486
            ],
            [
              123,
              495
            ],
            [
              107,
              513
            ],
            [
              103,
              513
            ],
            [
              102,
              508
            ],
            [
              99,
              505
            ],
            [
              99,
              500
            ],
            [
              104,
              481
            ],
            [
              111,
              475
            ],
            [
              117,
              475
            ],
            [
              127,
              479
            ]
          ]
        ]
      },
      "properties": {}
    },
    {
      "type": "Feature",
      "geometry": {
        "type": "Polygon",
        "coordinates": [
          [
            [
              598,
              472
            ],
            [
              603,
              489
            ],
            [
              584,
              499
            ],
            [
              582,
              504
            ],
            [
              584,
              508
            ],
            [
              591,
              510
            ],
            [
              591,
              519
            ],
            [
              594,
              525
            ],
            [
              615,
              527
            ],
            [
              619,
              524
            ],
            [
              614,
              506
            ],
            [
              615,
              497
            ],
            [
              607,
              496
            ],
            [
              605,
              484
            ],
            [
              598,
              472
            ]
          ]
        ]
      },
      "properties": {}
    },
    {
      "type": "Feature",
      "geometry": {
        "type": "Polygon",
        "coordinates": [
          [
            [
              613,
              504
            ],
            [
              617,
              511
            ],
            [
              619,
              523
            ],
            [
              617,
              525
            ],
            [
              595,
              525
            ],
            [
              591,
              519
            ],
            [
              591,
              514
            ],
            [
              604,
              506
            ],
            [
              609,
              504
            ],
            [
              613,
              504
            ]
          ]
        ]
      },
      "properties": {}
    },
    {
      "type": "Feature",
      "geometry": {
        "type": "Polygon",
        "coordinates": [
          [
            [
              65,
              469
            ],
            [
              63,
              470
            ],
            [
              66,
              492
            ],
            [
              69,
              496
            ],
            [
              78,
              498
            ],
            [
              82,
              494
            ],
            [
              87,
              483
            ],
            [
              88,
              471
            ],
            [
              80,
              469
            ],
            [
              65,
              469
            ]
          ]
        ]
      },
      "properties": {}
    },
    {
      "type": "Feature",
      "geometry": {
        "type": "Polygon",
        "coordinates": [
          [
            [
              65,
              469
            ],
            [
              80,
              469
            ],
            [
              86,
              470
            ],
            [
              88,
              472
            ],
            [
              87,
              483
            ],
            [
              82,
              493
            ],
            [
              78,
              497
            ],
            [
              72,
              497
            ],
            [
              66,
              492
            ],
            [
              63,
              471
            ],
            [
              65,
              469
            ]
          ]
        ]
      },
      "properties": {}
    },
    {
      "type": "Feature",
      "geometry": {
        "type": "Polygon",
        "coordinates": [
          [
            [
              207,
              463
            ],
            [
              155,
              465
            ],
            [
              141,
              484
            ],
            [
              153,
              503
            ],
            [
              129,
              533
            ],
            [
              179,
              591
            ],
            [
              206,
              574
            ],
            [
              200,
              544
            ],
            [
              228,
              523
            ],
            [
              212,
              512
            ],
            [
              167,
              548
            ],
            [
              156,
              534
            ],
            [
              212,
              484
            ],
            [
              202,
              470
            ],
            [
              207,
              463
            ]
          ]
        ]
      },
      "properties": {}
    },
    {
      "type": "Feature",
      "geometry": {
        "type": "Polygon",
        "coordinates": [
          [
            [
              1031,
              454
            ],
            [
              1024,
              455
            ],
            [
              1014,
              460
            ],
            [
              1010,
              465
            ],
            [
              1015,
              478
            ],
            [
              1025,
              495
            ],
            [
              1029,
              493
            ],
            [
              1033,
              482
            ],
            [
              1045,
              473
            ],
            [
              1045,
              470
            ],
            [
              1042,
              470
            ],
            [
              1039,
              467
            ],
            [
              1037,
              461
            ],
            [
              1031,
              454
            ]
          ]
        ]
      },
      "properties": {}
    },
    {
      "type": "Feature",
      "geometry": {
        "type": "Polygon",
        "coordinates": [
          [
            [
              1025,
              455
            ],
            [
              1031,
              455
            ],
            [
              1042,
              470
            ],
            [
              1042,
              474
            ],
            [
              1033,
              481
            ],
            [
              1028,
              493
            ],
            [
              1023,
              492
            ],
            [
              1011,
              468
            ],
            [
              1011,
              464
            ],
            [
              1015,
              460
            ],
            [
              1025,
              455
            ]
          ]
        ]
      },
      "properties": {}
    },
    {
      "type": "Feature",
      "geometry": {
        "type": "Polygon",
        "coordinates": [
          [
            [
              641,
              782
            ],
            [
              639,
              794
            ],
            [
              627,
              803
            ],
            [
              621,
              867
            ],
            [
              610,
              889
            ],
            [
              604,
              891
            ],
            [
              586,
              875
            ],
            [
              595,
              827
            ],
            [
              625,
              785
            ],
            [
              632,
              791
            ],
            [
              641,
              782
            ]
          ]
        ]
      },
      "properties": {}
    },
    {
      "type": "Feature",
      "geometry": {
        "type": "Polygon",
        "coordinates": [
          [
            [
              1302,
              452
            ],
            [
              1285,
              463
            ],
            [
              1284,
              467
            ],
            [
              1301,
              500
            ],
            [
              1307,
              520
            ],
            [
              1304,
              531
            ],
            [
              1308,
              532
            ],
            [
              1326,
              520
            ],
            [
              1327,
              511
            ],
            [
              1306,
              453
            ],
            [
              1302,
              452
            ]
          ]
        ]
      },
      "properties": {}
    },
    {
      "type": "Feature",
      "geometry": {
        "type": "Polygon",
        "coordinates": [
          [
            [
              1608,
              440
            ],
            [
              1597,
              444
            ],
            [
              1577,
              461
            ],
            [
              1578,
              465
            ],
            [
              1590,
              479
            ],
            [
              1595,
              479
            ],
            [
              1618,
              455
            ],
            [
              1618,
              451
            ],
            [
              1608,
              440
            ]
          ]
        ]
      },
      "properties": {}
    },
    {
      "type": "Feature",
      "geometry": {
        "type": "Polygon",
        "coordinates": [
          [
            [
              1608,
              441
            ],
            [
              1616,
              449
            ],
            [
              1617,
              455
            ],
            [
              1595,
              478
            ],
            [
              1590,
              478
            ],
            [
              1579,
              465
            ],
            [
              1579,
              460
            ],
            [
              1603,
              441
            ],
            [
              1608,
              441
            ]
          ]
        ]
      },
      "properties": {}
    },
    {
      "type": "Feature",
      "geometry": {
        "type": "Polygon",
        "coordinates": [
          [
            [
              1351,
              438
            ],
            [
              1338,
              442
            ],
            [
              1336,
              446
            ],
            [
              1351,
              495
            ],
            [
              1359,
              503
            ],
            [
              1365,
              496
            ],
            [
              1382,
              489
            ],
            [
              1362,
              448
            ],
            [
              1355,
              439
            ],
            [
              1351,
              438
            ]
          ]
        ]
      },
      "properties": {}
    },
    {
      "type": "Feature",
      "geometry": {
        "type": "Polygon",
        "coordinates": [
          [
            [
              1340,
              441
            ],
            [
              1354,
              439
            ],
            [
              1358,
              443
            ],
            [
              1379,
              481
            ],
            [
              1380,
              491
            ],
            [
              1360,
              500
            ],
            [
              1353,
              497
            ],
            [
              1338,
              457
            ],
            [
              1337,
              444
            ],
            [
              1340,
              441
            ]
          ]
        ]
      },
      "properties": {}
    },
    {
      "type": "Feature",
      "geometry": {
        "type": "Polygon",
        "coordinates": [
          [
            [
              1283,
              541
            ],
            [
              1303,
              559
            ],
            [
              1315,
              585
            ],
            [
              1305,
              601
            ],
            [
              1329,
              605
            ],
            [
              1336,
              628
            ],
            [
              1353,
              654
            ],
            [
              1343,
              667
            ],
            [
              1334,
              667
            ],
            [
              1326,
              658
            ],
            [
              1314,
              663
            ],
            [
              1282,
              619
            ],
            [
              1296,
              605
            ],
            [
              1277,
              552
            ],
            [
              1283,
              541
            ]
          ]
        ]
      },
      "properties": {}
    },
    {
      "type": "Feature",
      "geometry": {
        "type": "Polygon",
        "coordinates": [
          [
            [
              1250,
              481
            ],
            [
              1258,
              481
            ],
            [
              1258,
              487
            ],
            [
              1265,
              502
            ],
            [
              1275,
              515
            ],
            [
              1279,
              533
            ],
            [
              1274,
              539
            ],
            [
              1265,
              540
            ],
            [
              1257,
              526
            ],
            [
              1232,
              497
            ],
            [
              1235,
              490
            ],
            [
              1250,
              481
            ]
          ]
        ]
      },
      "properties": {}
    },
    {
      "type": "Feature",
      "geometry": {
        "type": "Polygon",
        "coordinates": [
          [
            [
              1263,
              436
            ],
            [
              1272,
              455
            ],
            [
              1272,
              464
            ],
            [
              1258,
              474
            ],
            [
              1251,
              474
            ],
            [
              1239,
              455
            ],
            [
              1238,
              448
            ],
            [
              1242,
              444
            ],
            [
              1257,
              436
            ],
            [
              1263,
              436
            ]
          ]
        ]
      },
      "properties": {}
    },
    {
      "type": "Feature",
      "geometry": {
        "type": "Polygon",
        "coordinates": [
          [
            [
              583,
              419
            ],
            [
              562,
              426
            ],
            [
              571,
              463
            ],
            [
              553,
              445
            ],
            [
              513,
              466
            ],
            [
              516,
              482
            ],
            [
              523,
              475
            ],
            [
              533,
              482
            ],
            [
              516,
              512
            ],
            [
              520,
              526
            ],
            [
              563,
              525
            ],
            [
              553,
              524
            ],
            [
              543,
              498
            ],
            [
              574,
              486
            ],
            [
              572,
              466
            ],
            [
              594,
              468
            ],
            [
              583,
              419
            ]
          ]
        ]
      },
      "properties": {}
    },
    {
      "type": "Feature",
      "geometry": {
        "type": "Polygon",
        "coordinates": [
          [
            [
              565,
              422
            ],
            [
              578,
              419
            ],
            [
              583,
              420
            ],
            [
              595,
              458
            ],
            [
              595,
              465
            ],
            [
              592,
              468
            ],
            [
              582,
              469
            ],
            [
              573,
              463
            ],
            [
              562,
              433
            ],
            [
              562,
              426
            ],
            [
              565,
              422
            ]
          ]
        ]
      },
      "properties": {}
    },
    {
      "type": "Feature",
      "geometry": {
        "type": "Polygon",
        "coordinates": [
          [
            [
              686,
              409
            ],
            [
              701,
              439
            ],
            [
              701,
              444
            ],
            [
              686,
              452
            ],
            [
              673,
              455
            ],
            [
              662,
              442
            ],
            [
              660,
              434
            ],
            [
              679,
              419
            ],
            [
              682,
              409
            ],
            [
              686,
              409
            ]
          ]
        ]
      },
      "properties": {}
    },
    {
      "type": "Feature",
      "geometry": {
        "type": "Polygon",
        "coordinates": [
          [
            [
              638,
              403
            ],
            [
              650,
              418
            ],
            [
              652,
              428
            ],
            [
              633,
              442
            ],
            [
              629,
              442
            ],
            [
              619,
              432
            ],
            [
              620,
              423
            ],
            [
              614,
              423
            ],
            [
              613,
              418
            ],
            [
              624,
              407
            ],
            [
              632,
              403
            ],
            [
              638,
              403
            ]
          ]
        ]
      },
      "properties": {}
    },
    {
      "type": "Feature",
      "geometry": {
        "type": "Polygon",
        "coordinates": [
          [
            [
              526,
              402
            ],
            [
              522,
              402
            ],
            [
              505,
              413
            ],
            [
              475,
              438
            ],
            [
              474,
              445
            ],
            [
              479,
              458
            ],
            [
              516,
              439
            ],
            [
              515,
              430
            ],
            [
              532,
              416
            ],
            [
              532,
              411
            ],
            [
              526,
              402
            ]
          ]
        ]
      },
      "properties": {}
    },
    {
      "type": "Feature",
      "geometry": {
        "type": "Polygon",
        "coordinates": [
          [
            [
              526,
              404
            ],
            [
              531,
              411
            ],
            [
              531,
              416
            ],
            [
              515,
              429
            ],
            [
              515,
              439
            ],
            [
              492,
              453
            ],
            [
              479,
              457
            ],
            [
              474,
              445
            ],
            [
              475,
              439
            ],
            [
              506,
              413
            ],
            [
              520,
              404
            ],
            [
              526,
              404
            ]
          ]
        ]
      },
      "properties": {}
    },
    {
      "type": "Feature",
      "geometry": {
        "type": "Polygon",
        "coordinates": [
          [
            [
              1542,
              434
            ],
            [
              1556,
              433
            ],
            [
              1561,
              435
            ],
            [
              1572,
              443
            ],
            [
              1572,
              447
            ],
            [
              1554,
              460
            ],
            [
              1547,
              461
            ],
            [
              1542,
              434
            ]
          ]
        ]
      },
      "properties": {}
    },
    {
      "type": "Feature",
      "geometry": {
        "type": "Polygon",
        "coordinates": [
          [
            [
              1343,
              390
            ],
            [
              1340,
              390
            ],
            [
              1324,
              401
            ],
            [
              1325,
              417
            ],
            [
              1329,
              431
            ],
            [
              1337,
              430
            ],
            [
              1354,
              419
            ],
            [
              1351,
              404
            ],
            [
              1343,
              390
            ]
          ]
        ]
      },
      "properties": {}
    },
    {
      "type": "Feature",
      "geometry": {
        "type": "Polygon",
        "coordinates": [
          [
            [
              1344,
              392
            ],
            [
              1351,
              404
            ],
            [
              1354,
              418
            ],
            [
              1342,
              427
            ],
            [
              1334,
              431
            ],
            [
              1330,
              431
            ],
            [
              1326,
              422
            ],
            [
              1324,
              402
            ],
            [
              1337,
              393
            ],
            [
              1344,
              392
            ]
          ]
        ]
      },
      "properties": {}
    },
    {
      "type": "Feature",
      "geometry": {
        "type": "Polygon",
        "coordinates": [
          [
            [
              748,
              389
            ],
            [
              740,
              404
            ],
            [
              733,
              411
            ],
            [
              733,
              417
            ],
            [
              739,
              431
            ],
            [
              737,
              440
            ],
            [
              748,
              438
            ],
            [
              767,
              429
            ],
            [
              758,
              403
            ],
            [
              752,
              391
            ],
            [
              748,
              389
            ]
          ]
        ]
      },
      "properties": {}
    },
    {
      "type": "Feature",
      "geometry": {
        "type": "Polygon",
        "coordinates": [
          [
            [
              751,
              391
            ],
            [
              761,
              410
            ],
            [
              766,
              428
            ],
            [
              753,
              436
            ],
            [
              741,
              439
            ],
            [
              740,
              431
            ],
            [
              733,
              417
            ],
            [
              733,
              412
            ],
            [
              739,
              406
            ],
            [
              745,
              393
            ],
            [
              751,
              391
            ]
          ]
        ]
      },
      "properties": {}
    },
    {
      "type": "Feature",
      "geometry": {
        "type": "Polygon",
        "coordinates": [
          [
            [
              217,
              386
            ],
            [
              218,
              385
            ],
            [
              236,
              385
            ],
            [
              238,
              391
            ],
            [
              238,
              399
            ],
            [
              235,
              402
            ],
            [
              230,
              402
            ],
            [
              218,
              392
            ],
            [
              217,
              386
            ]
          ]
        ]
      },
      "properties": {}
    },
    {
      "type": "Feature",
      "geometry": {
        "type": "Polygon",
        "coordinates": [
          [
            [
              158,
              361
            ],
            [
              163,
              369
            ],
            [
              179,
              433
            ],
            [
              181,
              433
            ],
            [
              164,
              363
            ],
            [
              158,
              361
            ]
          ]
        ]
      },
      "properties": {}
    },
    {
      "type": "Feature",
      "geometry": {
        "type": "Polygon",
        "coordinates": [
          [
            [
              1158,
              360
            ],
            [
              1075,
              386
            ],
            [
              1086,
              389
            ],
            [
              1094,
              381
            ],
            [
              1158,
              363
            ],
            [
              1158,
              360
            ]
          ]
        ]
      },
      "properties": {}
    },
    {
      "type": "Feature",
      "geometry": {
        "type": "Polygon",
        "coordinates": [
          [
            [
              398,
              355
            ],
            [
              393,
              356
            ],
            [
              379,
              369
            ],
            [
              380,
              375
            ],
            [
              393,
              394
            ],
            [
              407,
              385
            ],
            [
              412,
              384
            ],
            [
              412,
              377
            ],
            [
              398,
              358
            ],
            [
              398,
              355
            ]
          ]
        ]
      },
      "properties": {}
    },
    {
      "type": "Feature",
      "geometry": {
        "type": "Polygon",
        "coordinates": [
          [
            [
              393,
              357
            ],
            [
              397,
              357
            ],
            [
              411,
              376
            ],
            [
              411,
              381
            ],
            [
              397,
              392
            ],
            [
              391,
              391
            ],
            [
              380,
              374
            ],
            [
              380,
              368
            ],
            [
              393,
              357
            ]
          ]
        ]
      },
      "properties": {}
    },
    {
      "type": "Feature",
      "geometry": {
        "type": "Polygon",
        "coordinates": [
          [
            [
              237,
              349
            ],
            [
              231,
              358
            ],
            [
              230,
              362
            ],
            [
              231,
              365
            ],
            [
              241,
              374
            ],
            [
              253,
              373
            ],
            [
              255,
              371
            ],
            [
              254,
              365
            ],
            [
              239,
              348
            ],
            [
              237,
              349
            ]
          ]
        ]
      },
      "properties": {}
    },
    {
      "type": "Feature",
      "geometry": {
        "type": "Polygon",
        "coordinates": [
          [
            [
              237,
              351
            ],
            [
              241,
              351
            ],
            [
              254,
              366
            ],
            [
              254,
              371
            ],
            [
              250,
              374
            ],
            [
              242,
              374
            ],
            [
              231,
              364
            ],
            [
              231,
              359
            ],
            [
              237,
              351
            ]
          ]
        ]
      },
      "properties": {}
    },
    {
      "type": "Feature",
      "geometry": {
        "type": "Polygon",
        "coordinates": [
          [
            [
              841,
              431
            ],
            [
              847,
              440
            ],
            [
              848,
              453
            ],
            [
              841,
              457
            ],
            [
              835,
              456
            ],
            [
              831,
              459
            ],
            [
              826,
              459
            ],
            [
              815,
              448
            ],
            [
              815,
              444
            ],
            [
              837,
              431
            ],
            [
              841,
              431
            ]
          ]
        ]
      },
      "properties": {}
    },
    {
      "type": "Feature",
      "geometry": {
        "type": "Polygon",
        "coordinates": [
          [
            [
              919,
              399
            ],
            [
              924,
              412
            ],
            [
              923,
              417
            ],
            [
              881,
              432
            ],
            [
              875,
              431
            ],
            [
              876,
              413
            ],
            [
              911,
              396
            ],
            [
              916,
              396
            ],
            [
              919,
              399
            ]
          ]
        ]
      },
      "properties": {}
    },
    {
      "type": "Feature",
      "geometry": {
        "type": "Polygon",
        "coordinates": [
          [
            [
              855,
              392
            ],
            [
              861,
              399
            ],
            [
              865,
              407
            ],
            [
              865,
              412
            ],
            [
              845,
              419
            ],
            [
              836,
              420
            ],
            [
              836,
              399
            ],
            [
              846,
              392
            ],
            [
              855,
              392
            ]
          ]
        ]
      },
      "properties": {}
    },
    {
      "type": "Feature",
      "geometry": {
        "type": "Polygon",
        "coordinates": [
          [
            [
              1007,
              355
            ],
            [
              1017,
              368
            ],
            [
              1023,
              383
            ],
            [
              989,
              395
            ],
            [
              982,
              405
            ],
            [
              974,
              406
            ],
            [
              972,
              400
            ],
            [
              965,
              398
            ],
            [
              956,
              377
            ],
            [
              956,
              370
            ],
            [
              971,
              361
            ],
            [
              984,
              363
            ],
            [
              1007,
              355
            ]
          ]
        ]
      },
      "properties": {}
    },
    {
      "type": "Feature",
      "geometry": {
        "type": "Polygon",
        "coordinates": [
          [
            [
              597,
              346
            ],
            [
              601,
              373
            ],
            [
              609,
              377
            ],
            [
              616,
              400
            ],
            [
              668,
              374
            ],
            [
              674,
              375
            ],
            [
              679,
              400
            ],
            [
              679,
              377
            ],
            [
              659,
              348
            ],
            [
              650,
              349
            ],
            [
              617,
              370
            ],
            [
              608,
              343
            ],
            [
              597,
              346
            ]
          ]
        ]
      },
      "properties": {}
    },
    {
      "type": "Feature",
      "geometry": {
        "type": "Polygon",
        "coordinates": [
          [
            [
              1640,
              341
            ],
            [
              1647,
              385
            ],
            [
              1672,
              387
            ],
            [
              1684,
              364
            ],
            [
              1700,
              381
            ],
            [
              1676,
              427
            ],
            [
              1632,
              411
            ],
            [
              1635,
              432
            ],
            [
              1653,
              447
            ],
            [
              1681,
              432
            ],
            [
              1705,
              449
            ],
            [
              1678,
              428
            ],
            [
              1700,
              374
            ],
            [
              1684,
              362
            ],
            [
              1671,
              387
            ],
            [
              1657,
              387
            ],
            [
              1640,
              369
            ],
            [
              1642,
              342
            ],
            [
              1705,
              356
            ],
            [
              1640,
              341
            ]
          ]
        ]
      },
      "properties": {}
    },
    {
      "type": "Feature",
      "geometry": {
        "type": "Polygon",
        "coordinates": [
          [
            [
              1633,
              414
            ],
            [
              1650,
              414
            ],
            [
              1672,
              427
            ],
            [
              1675,
              430
            ],
            [
              1675,
              435
            ],
            [
              1659,
              447
            ],
            [
              1653,
              447
            ],
            [
              1634,
              430
            ],
            [
              1633,
              414
            ]
          ]
        ]
      },
      "properties": {}
    },
    {
      "type": "Feature",
      "geometry": {
        "type": "Polygon",
        "coordinates": [
          [
            [
              1124,
              389
            ],
            [
              1122,
              406
            ],
            [
              1112,
              415
            ],
            [
              1078,
              427
            ],
            [
              1055,
              426
            ],
            [
              1056,
              411
            ],
            [
              1060,
              402
            ],
            [
              1119,
              388
            ],
            [
              1124,
              389
            ]
          ]
        ]
      },
      "properties": {}
    },
    {
      "type": "Feature",
      "geometry": {
        "type": "Polygon",
        "coordinates": [
          [
            [
              1220,
              362
            ],
            [
              1226,
              377
            ],
            [
              1178,
              403
            ],
            [
              1179,
              414
            ],
            [
              1161,
              423
            ],
            [
              1152,
              406
            ],
            [
              1149,
              389
            ],
            [
              1220,
              362
            ]
          ]
        ]
      },
      "properties": {}
    },
    {
      "type": "Feature",
      "geometry": {
        "type": "Polygon",
        "coordinates": [
          [
            [
              1239,
              349
            ],
            [
              1252,
              342
            ],
            [
              1257,
              342
            ],
            [
              1259,
              351
            ],
            [
              1273,
              372
            ],
            [
              1274,
              378
            ],
            [
              1266,
              383
            ],
            [
              1253,
              384
            ],
            [
              1246,
              375
            ],
            [
              1237,
              355
            ],
            [
              1239,
              349
            ]
          ]
        ]
      },
      "properties": {}
    },
    {
      "type": "Feature",
      "geometry": {
        "type": "Polygon",
        "coordinates": [
          [
            [
              1435,
              347
            ],
            [
              1430,
              344
            ],
            [
              1428,
              347
            ],
            [
              1423,
              347
            ],
            [
              1410,
              338
            ],
            [
              1389,
              353
            ],
            [
              1378,
              351
            ],
            [
              1375,
              354
            ],
            [
              1399,
              384
            ],
            [
              1402,
              384
            ],
            [
              1432,
              356
            ],
            [
              1432,
              350
            ],
            [
              1435,
              347
            ]
          ]
        ]
      },
      "properties": {}
    },
    {
      "type": "Feature",
      "geometry": {
        "type": "Polygon",
        "coordinates": [
          [
            [
              1412,
              340
            ],
            [
              1430,
              353
            ],
            [
              1430,
              357
            ],
            [
              1403,
              382
            ],
            [
              1399,
              382
            ],
            [
              1378,
              357
            ],
            [
              1378,
              353
            ],
            [
              1383,
              352
            ],
            [
              1388,
              354
            ],
            [
              1407,
              340
            ],
            [
              1412,
              340
            ]
          ]
        ]
      },
      "properties": {}
    },
    {
      "type": "Feature",
      "geometry": {
        "type": "Polygon",
        "coordinates": [
          [
            [
              302,
              357
            ],
            [
              302,
              359
            ],
            [
              311,
              359
            ],
            [
              328,
              378
            ],
            [
              348,
              371
            ],
            [
              358,
              374
            ],
            [
              354,
              364
            ],
            [
              336,
              337
            ],
            [
              313,
              347
            ],
            [
              302,
              357
            ]
          ]
        ]
      },
      "properties": {}
    },
    {
      "type": "Feature",
      "geometry": {
        "type": "Polygon",
        "coordinates": [
          [
            [
              306,
              354
            ],
            [
              328,
              339
            ],
            [
              335,
              338
            ],
            [
              354,
              365
            ],
            [
              354,
              370
            ],
            [
              328,
              377
            ],
            [
              313,
              360
            ],
            [
              306,
              358
            ],
            [
              306,
              354
            ]
          ]
        ]
      },
      "properties": {}
    },
    {
      "type": "Feature",
      "geometry": {
        "type": "Polygon",
        "coordinates": [
          [
            [
              1576,
              330
            ],
            [
              1588,
              322
            ],
            [
              1634,
              324
            ],
            [
              1638,
              328
            ],
            [
              1638,
              337
            ],
            [
              1636,
              339
            ],
            [
              1586,
              337
            ],
            [
              1577,
              335
            ],
            [
              1576,
              330
            ]
          ]
        ]
      },
      "properties": {}
    },
    {
      "type": "Feature",
      "geometry": {
        "type": "Polygon",
        "coordinates": [
          [
            [
              1154,
              328
            ],
            [
              1149,
              322
            ],
            [
              1144,
              322
            ],
            [
              1113,
              334
            ],
            [
              1111,
              337
            ],
            [
              1090,
              343
            ],
            [
              1085,
              347
            ],
            [
              1086,
              357
            ],
            [
              1094,
              359
            ],
            [
              1114,
              350
            ],
            [
              1154,
              340
            ],
            [
              1154,
              328
            ]
          ]
        ]
      },
      "properties": {}
    },
    {
      "type": "Feature",
      "geometry": {
        "type": "Polygon",
        "coordinates": [
          [
            [
              1109,
              337
            ],
            [
              1113,
              344
            ],
            [
              1113,
              350
            ],
            [
              1109,
              354
            ],
            [
              1094,
              359
            ],
            [
              1089,
              359
            ],
            [
              1086,
              356
            ],
            [
              1085,
              348
            ],
            [
              1088,
              345
            ],
            [
              1105,
              337
            ],
            [
              1109,
              337
            ]
          ]
        ]
      },
      "properties": {}
    },
    {
      "type": "Feature",
      "geometry": {
        "type": "Polygon",
        "coordinates": [
          [
            [
              1154,
              328
            ],
            [
              1154,
              339
            ],
            [
              1151,
              341
            ],
            [
              1124,
              349
            ],
            [
              1117,
              349
            ],
            [
              1115,
              346
            ],
            [
              1113,
              335
            ],
            [
              1144,
              322
            ],
            [
              1148,
              322
            ],
            [
              1154,
              328
            ]
          ]
        ]
      },
      "properties": {}
    },
    {
      "type": "Feature",
      "geometry": {
        "type": "Polygon",
        "coordinates": [
          [
            [
              671,
              304
            ],
            [
              662,
              310
            ],
            [
              651,
              324
            ],
            [
              655,
              336
            ],
            [
              659,
              342
            ],
            [
              664,
              341
            ],
            [
              673,
              335
            ],
            [
              678,
              335
            ],
            [
              681,
              337
            ],
            [
              679,
              325
            ],
            [
              671,
              304
            ]
          ]
        ]
      },
      "properties": {}
    },
    {
      "type": "Feature",
      "geometry": {
        "type": "Polygon",
        "coordinates": [
          [
            [
              671,
              307
            ],
            [
              679,
              325
            ],
            [
              679,
              329
            ],
            [
              667,
              339
            ],
            [
              659,
              341
            ],
            [
              652,
              329
            ],
            [
              652,
              322
            ],
            [
              663,
              310
            ],
            [
              667,
              307
            ],
            [
              671,
              307
            ]
          ]
        ]
      },
      "properties": {}
    },
    {
      "type": "Feature",
      "geometry": {
        "type": "Polygon",
        "coordinates": [
          [
            [
              421,
              292
            ],
            [
              406,
              299
            ],
            [
              401,
              310
            ],
            [
              394,
              310
            ],
            [
              355,
              328
            ],
            [
              364,
              352
            ],
            [
              380,
              348
            ],
            [
              408,
              330
            ],
            [
              409,
              321
            ],
            [
              429,
              311
            ],
            [
              421,
              292
            ]
          ]
        ]
      },
      "properties": {}
    },
    {
      "type": "Feature",
      "geometry": {
        "type": "Polygon",
        "coordinates": [
          [
            [
              398,
              311
            ],
            [
              405,
              320
            ],
            [
              407,
              329
            ],
            [
              371,
              352
            ],
            [
              365,
              352
            ],
            [
              357,
              339
            ],
            [
              356,
              328
            ],
            [
              388,
              313
            ],
            [
              398,
              311
            ]
          ]
        ]
      },
      "properties": {}
    },
    {
      "type": "Feature",
      "geometry": {
        "type": "Polygon",
        "coordinates": [
          [
            [
              421,
              293
            ],
            [
              429,
              306
            ],
            [
              429,
              310
            ],
            [
              424,
              315
            ],
            [
              416,
              319
            ],
            [
              410,
              319
            ],
            [
              403,
              308
            ],
            [
              403,
              303
            ],
            [
              413,
              295
            ],
            [
              417,
              293
            ],
            [
              421,
              293
            ]
          ]
        ]
      },
      "properties": {}
    },
    {
      "type": "Feature",
      "geometry": {
        "type": "Polygon",
        "coordinates": [
          [
            [
              730,
              285
            ],
            [
              716,
              289
            ],
            [
              696,
              301
            ],
            [
              700,
              314
            ],
            [
              707,
              322
            ],
            [
              702,
              332
            ],
            [
              714,
              359
            ],
            [
              732,
              352
            ],
            [
              743,
              343
            ],
            [
              736,
              327
            ],
            [
              744,
              319
            ],
            [
              744,
              309
            ],
            [
              730,
              285
            ]
          ]
        ]
      },
      "properties": {}
    },
    {
      "type": "Feature",
      "geometry": {
        "type": "Polygon",
        "coordinates": [
          [
            [
              1007,
              299
            ],
            [
              995,
              283
            ],
            [
              991,
              283
            ],
            [
              956,
              307
            ],
            [
              955,
              312
            ],
            [
              966,
              320
            ],
            [
              973,
              322
            ],
            [
              1006,
              305
            ],
            [
              1007,
              299
            ]
          ]
        ]
      },
      "properties": {}
    },
    {
      "type": "Feature",
      "geometry": {
        "type": "Polygon",
        "coordinates": [
          [
            [
              1006,
              299
            ],
            [
              1005,
              305
            ],
            [
              974,
              321
            ],
            [
              969,
              321
            ],
            [
              956,
              312
            ],
            [
              957,
              307
            ],
            [
              990,
              284
            ],
            [
              995,
              284
            ],
            [
              1006,
              299
            ]
          ]
        ]
      },
      "properties": {}
    },
    {
      "type": "Feature",
      "geometry": {
        "type": "Polygon",
        "coordinates": [
          [
            [
              1185,
              281
            ],
            [
              1191,
              282
            ],
            [
              1201,
              305
            ],
            [
              1201,
              309
            ],
            [
              1199,
              311
            ],
            [
              1190,
              315
            ],
            [
              1183,
              315
            ],
            [
              1181,
              313
            ],
            [
              1172,
              293
            ],
            [
              1172,
              289
            ],
            [
              1185,
              281
            ]
          ]
        ]
      },
      "properties": {}
    },
    {
      "type": "Feature",
      "geometry": {
        "type": "Polygon",
        "coordinates": [
          [
            [
              1277,
              291
            ],
            [
              1269,
              290
            ],
            [
              1257,
              294
            ],
            [
              1251,
              287
            ],
            [
              1251,
              280
            ],
            [
              1242,
              279
            ],
            [
              1222,
              296
            ],
            [
              1222,
              301
            ],
            [
              1233,
              318
            ],
            [
              1236,
              319
            ],
            [
              1276,
              294
            ],
            [
              1277,
              291
            ]
          ]
        ]
      },
      "properties": {}
    },
    {
      "type": "Feature",
      "geometry": {
        "type": "Polygon",
        "coordinates": [
          [
            [
              1248,
              279
            ],
            [
              1252,
              290
            ],
            [
              1256,
              294
            ],
            [
              1262,
              295
            ],
            [
              1263,
              300
            ],
            [
              1243,
              315
            ],
            [
              1234,
              317
            ],
            [
              1223,
              302
            ],
            [
              1223,
              296
            ],
            [
              1238,
              282
            ],
            [
              1243,
              279
            ],
            [
              1248,
              279
            ]
          ]
        ]
      },
      "properties": {}
    },
    {
      "type": "Feature",
      "geometry": {
        "type": "Polygon",
        "coordinates": [
          [
            [
              531,
              341
            ],
            [
              550,
              336
            ],
            [
              575,
              374
            ],
            [
              575,
              379
            ],
            [
              564,
              386
            ],
            [
              559,
              386
            ],
            [
              531,
              356
            ],
            [
              529,
              350
            ],
            [
              531,
              341
            ]
          ]
        ]
      },
      "properties": {}
    },
    {
      "type": "Feature",
      "geometry": {
        "type": "Polygon",
        "coordinates": [
          [
            [
              542,
              281
            ],
            [
              551,
              300
            ],
            [
              551,
              307
            ],
            [
              542,
              312
            ],
            [
              545,
              329
            ],
            [
              529,
              339
            ],
            [
              524,
              339
            ],
            [
              514,
              328
            ],
            [
              514,
              321
            ],
            [
              505,
              304
            ],
            [
              505,
              299
            ],
            [
              516,
              289
            ],
            [
              542,
              281
            ]
          ]
        ]
      },
      "properties": {}
    },
    {
      "type": "Feature",
      "geometry": {
        "type": "Polygon",
        "coordinates": [
          [
            [
              453,
              465
            ],
            [
              453,
              470
            ],
            [
              450,
              473
            ],
            [
              432,
              480
            ],
            [
              419,
              480
            ],
            [
              396,
              474
            ],
            [
              397,
              468
            ],
            [
              437,
              444
            ],
            [
              443,
              446
            ],
            [
              453,
              465
            ]
          ]
        ]
      },
      "properties": {}
    },
    {
      "type": "Feature",
      "geometry": {
        "type": "Polygon",
        "coordinates": [
          [
            [
              326,
              418
            ],
            [
              336,
              401
            ],
            [
              359,
              386
            ],
            [
              378,
              400
            ],
            [
              357,
              420
            ],
            [
              371,
              443
            ],
            [
              441,
              399
            ],
            [
              457,
              411
            ],
            [
              445,
              430
            ],
            [
              429,
              423
            ],
            [
              405,
              442
            ],
            [
              397,
              441
            ],
            [
              385,
              458
            ],
            [
              387,
              470
            ],
            [
              337,
              449
            ],
            [
              340,
              434
            ],
            [
              326,
              418
            ]
          ]
        ]
      },
      "properties": {}
    },
    {
      "type": "Feature",
      "geometry": {
        "type": "Polygon",
        "coordinates": [
          [
            [
              1480,
              311
            ],
            [
              1486,
              289
            ],
            [
              1574,
              294
            ],
            [
              1582,
              271
            ],
            [
              1601,
              272
            ],
            [
              1601,
              267
            ],
            [
              1484,
              258
            ],
            [
              1480,
              311
            ]
          ]
        ]
      },
      "properties": {}
    },
    {
      "type": "Feature",
      "geometry": {
        "type": "Polygon",
        "coordinates": [
          [
            [
              1480,
              289
            ],
            [
              1483,
              259
            ],
            [
              1581,
              268
            ],
            [
              1573,
              294
            ],
            [
              1524,
              287
            ],
            [
              1480,
              289
            ]
          ]
        ]
      },
      "properties": {}
    },
    {
      "type": "Feature",
      "geometry": {
        "type": "Polygon",
        "coordinates": [
          [
            [
              911,
              251
            ],
            [
              895,
              253
            ],
            [
              895,
              269
            ],
            [
              883,
              274
            ],
            [
              886,
              293
            ],
            [
              863,
              273
            ],
            [
              850,
              283
            ],
            [
              854,
              305
            ],
            [
              843,
              296
            ],
            [
              818,
              301
            ],
            [
              824,
              320
            ],
            [
              835,
              321
            ],
            [
              853,
              309
            ],
            [
              865,
              322
            ],
            [
              890,
              313
            ],
            [
              886,
              297
            ],
            [
              905,
              287
            ],
            [
              903,
              270
            ],
            [
              914,
              263
            ],
            [
              911,
              251
            ]
          ]
        ]
      },
      "properties": {}
    },
    {
      "type": "Feature",
      "geometry": {
        "type": "Polygon",
        "coordinates": [
          [
            [
              865,
              275
            ],
            [
              869,
              275
            ],
            [
              873,
              279
            ],
            [
              889,
              307
            ],
            [
              887,
              314
            ],
            [
              871,
              322
            ],
            [
              866,
              322
            ],
            [
              859,
              313
            ],
            [
              851,
              289
            ],
            [
              851,
              283
            ],
            [
              856,
              278
            ],
            [
              861,
              278
            ],
            [
              865,
              275
            ]
          ]
        ]
      },
      "properties": {}
    },
    {
      "type": "Feature",
      "geometry": {
        "type": "Polygon",
        "coordinates": [
          [
            [
              208,
              252
            ],
            [
              198,
              251
            ],
            [
              174,
              272
            ],
            [
              170,
              272
            ],
            [
              162,
              263
            ],
            [
              153,
              264
            ],
            [
              152,
              269
            ],
            [
              160,
              281
            ],
            [
              174,
              295
            ],
            [
              179,
              296
            ],
            [
              180,
              288
            ],
            [
              190,
              290
            ],
            [
              219,
              270
            ],
            [
              208,
              252
            ]
          ]
        ]
      },
      "properties": {}
    },
    {
      "type": "Feature",
      "geometry": {
        "type": "Polygon",
        "coordinates": [
          [
            [
              154,
              264
            ],
            [
              161,
              263
            ],
            [
              166,
              267
            ],
            [
              177,
              284
            ],
            [
              179,
              289
            ],
            [
              178,
              294
            ],
            [
              174,
              294
            ],
            [
              153,
              271
            ],
            [
              154,
              264
            ]
          ]
        ]
      },
      "properties": {}
    },
    {
      "type": "Feature",
      "geometry": {
        "type": "Polygon",
        "coordinates": [
          [
            [
              207,
              252
            ],
            [
              216,
              264
            ],
            [
              217,
              271
            ],
            [
              191,
              289
            ],
            [
              186,
              289
            ],
            [
              178,
              281
            ],
            [
              176,
              271
            ],
            [
              199,
              251
            ],
            [
              207,
              252
            ]
          ]
        ]
      },
      "properties": {}
    },
    {
      "type": "Feature",
      "geometry": {
        "type": "Polygon",
        "coordinates": [
          [
            [
              958,
              247
            ],
            [
              949,
              249
            ],
            [
              918,
              266
            ],
            [
              918,
              269
            ],
            [
              927,
              278
            ],
            [
              927,
              283
            ],
            [
              938,
              284
            ],
            [
              967,
              268
            ],
            [
              965,
              259
            ],
            [
              958,
              247
            ]
          ]
        ]
      },
      "properties": {}
    },
    {
      "type": "Feature",
      "geometry": {
        "type": "Polygon",
        "coordinates": [
          [
            [
              957,
              248
            ],
            [
              966,
              262
            ],
            [
              965,
              269
            ],
            [
              940,
              283
            ],
            [
              932,
              282
            ],
            [
              921,
              271
            ],
            [
              921,
              266
            ],
            [
              926,
              262
            ],
            [
              952,
              248
            ],
            [
              957,
              248
            ]
          ]
        ]
      },
      "properties": {}
    },
    {
      "type": "Feature",
      "geometry": {
        "type": "Polygon",
        "coordinates": [
          [
            [
              540,
              237
            ],
            [
              544,
              252
            ],
            [
              557,
              270
            ],
            [
              578,
              265
            ],
            [
              588,
              281
            ],
            [
              605,
              270
            ],
            [
              625,
              246
            ],
            [
              620,
              235
            ],
            [
              614,
              234
            ],
            [
              578,
              263
            ],
            [
              558,
              227
            ],
            [
              540,
              237
            ]
          ]
        ]
      },
      "properties": {}
    },
    {
      "type": "Feature",
      "geometry": {
        "type": "Polygon",
        "coordinates": [
          [
            [
              618,
              235
            ],
            [
              624,
              242
            ],
            [
              624,
              248
            ],
            [
              621,
              253
            ],
            [
              594,
              278
            ],
            [
              587,
              279
            ],
            [
              581,
              273
            ],
            [
              580,
              266
            ],
            [
              614,
              235
            ],
            [
              618,
              235
            ]
          ]
        ]
      },
      "properties": {}
    },
    {
      "type": "Feature",
      "geometry": {
        "type": "Polygon",
        "coordinates": [
          [
            [
              553,
              228
            ],
            [
              559,
              229
            ],
            [
              576,
              256
            ],
            [
              576,
              263
            ],
            [
              564,
              271
            ],
            [
              558,
              270
            ],
            [
              553,
              265
            ],
            [
              540,
              244
            ],
            [
              540,
              238
            ],
            [
              553,
              228
            ]
          ]
        ]
      },
      "properties": {}
    },
    {
      "type": "Feature",
      "geometry": {
        "type": "Polygon",
        "coordinates": [
          [
            [
              1122,
              225
            ],
            [
              1117,
              231
            ],
            [
              1101,
              238
            ],
            [
              1092,
              238
            ],
            [
              1085,
              231
            ],
            [
              1080,
              231
            ],
            [
              1056,
              251
            ],
            [
              1062,
              270
            ],
            [
              1080,
              293
            ],
            [
              1108,
              259
            ],
            [
              1110,
              251
            ],
            [
              1123,
              239
            ],
            [
              1122,
              225
            ]
          ]
        ]
      },
      "properties": {}
    },
    {
      "type": "Feature",
      "geometry": {
        "type": "Polygon",
        "coordinates": [
          [
            [
              1123,
              230
            ],
            [
              1123,
              238
            ],
            [
              1107,
              252
            ],
            [
              1108,
              258
            ],
            [
              1085,
              289
            ],
            [
              1079,
              290
            ],
            [
              1062,
              269
            ],
            [
              1056,
              252
            ],
            [
              1079,
              232
            ],
            [
              1098,
              239
            ],
            [
              1123,
              230
            ]
          ]
        ]
      },
      "properties": {}
    },
    {
      "type": "Feature",
      "geometry": {
        "type": "Polygon",
        "coordinates": [
          [
            [
              731,
              222
            ],
            [
              702,
              236
            ],
            [
              711,
              258
            ],
            [
              715,
              258
            ],
            [
              742,
              244
            ],
            [
              739,
              234
            ],
            [
              731,
              222
            ]
          ]
        ]
      },
      "properties": {}
    },
    {
      "type": "Feature",
      "geometry": {
        "type": "Polygon",
        "coordinates": [
          [
            [
              731,
              223
            ],
            [
              741,
              239
            ],
            [
              741,
              244
            ],
            [
              716,
              257
            ],
            [
              711,
              257
            ],
            [
              704,
              244
            ],
            [
              703,
              236
            ],
            [
              727,
              223
            ],
            [
              731,
              223
            ]
          ]
        ]
      },
      "properties": {}
    },
    {
      "type": "Feature",
      "geometry": {
        "type": "Polygon",
        "coordinates": [
          [
            [
              1607,
              220
            ],
            [
              1609,
              227
            ],
            [
              1618,
              239
            ],
            [
              1638,
              233
            ],
            [
              1638,
              230
            ],
            [
              1628,
              219
            ],
            [
              1623,
              216
            ],
            [
              1619,
              216
            ],
            [
              1611,
              220
            ],
            [
              1607,
              220
            ]
          ]
        ]
      },
      "properties": {}
    },
    {
      "type": "Feature",
      "geometry": {
        "type": "Polygon",
        "coordinates": [
          [
            [
              1609,
              221
            ],
            [
              1616,
              217
            ],
            [
              1623,
              216
            ],
            [
              1636,
              228
            ],
            [
              1636,
              233
            ],
            [
              1631,
              236
            ],
            [
              1628,
              236
            ],
            [
              1624,
              238
            ],
            [
              1618,
              238
            ],
            [
              1609,
              226
            ],
            [
              1609,
              221
            ]
          ]
        ]
      },
      "properties": {}
    },
    {
      "type": "Feature",
      "geometry": {
        "type": "Polygon",
        "coordinates": [
          [
            [
              838,
              212
            ],
            [
              833,
              212
            ],
            [
              816,
              220
            ],
            [
              817,
              229
            ],
            [
              832,
              255
            ],
            [
              848,
              247
            ],
            [
              852,
              242
            ],
            [
              838,
              212
            ]
          ]
        ]
      },
      "properties": {}
    },
    {
      "type": "Feature",
      "geometry": {
        "type": "Polygon",
        "coordinates": [
          [
            [
              833,
              212
            ],
            [
              837,
              212
            ],
            [
              851,
              239
            ],
            [
              851,
              243
            ],
            [
              847,
              247
            ],
            [
              836,
              253
            ],
            [
              832,
              253
            ],
            [
              828,
              249
            ],
            [
              816,
              226
            ],
            [
              816,
              221
            ],
            [
              833,
              212
            ]
          ]
        ]
      },
      "properties": {}
    },
    {
      "type": "Feature",
      "geometry": {
        "type": "Polygon",
        "coordinates": [
          [
            [
              1041,
              207
            ],
            [
              1051,
              224
            ],
            [
              1051,
              231
            ],
            [
              1031,
              246
            ],
            [
              1025,
              247
            ],
            [
              1011,
              228
            ],
            [
              1010,
              222
            ],
            [
              1035,
              207
            ],
            [
              1041,
              207
            ]
          ]
        ]
      },
      "properties": {}
    },
    {
      "type": "Feature",
      "geometry": {
        "type": "Polygon",
        "coordinates": [
          [
            [
              787,
              416
            ],
            [
              795,
              417
            ],
            [
              795,
              420
            ],
            [
              803,
              435
            ],
            [
              803,
              440
            ],
            [
              798,
              445
            ],
            [
              792,
              448
            ],
            [
              786,
              448
            ],
            [
              783,
              445
            ],
            [
              775,
              429
            ],
            [
              775,
              423
            ],
            [
              778,
              420
            ],
            [
              787,
              416
            ]
          ]
        ]
      },
      "properties": {}
    },
    {
      "type": "Feature",
      "geometry": {
        "type": "Polygon",
        "coordinates": [
          [
            [
              832,
              357
            ],
            [
              844,
              379
            ],
            [
              844,
              384
            ],
            [
              820,
              398
            ],
            [
              816,
              398
            ],
            [
              806,
              373
            ],
            [
              806,
              368
            ],
            [
              820,
              360
            ],
            [
              832,
              357
            ]
          ]
        ]
      },
      "properties": {}
    },
    {
      "type": "Feature",
      "geometry": {
        "type": "Polygon",
        "coordinates": [
          [
            [
              173,
              212
            ],
            [
              186,
              223
            ],
            [
              186,
              227
            ],
            [
              166,
              243
            ],
            [
              161,
              243
            ],
            [
              149,
              230
            ],
            [
              149,
              226
            ],
            [
              166,
              213
            ],
            [
              173,
              212
            ]
          ]
        ]
      },
      "properties": {}
    },
    {
      "type": "Feature",
      "geometry": {
        "type": "Polygon",
        "coordinates": [
          [
            [
              220,
              205
            ],
            [
              230,
              217
            ],
            [
              235,
              218
            ],
            [
              235,
              227
            ],
            [
              230,
              231
            ],
            [
              229,
              236
            ],
            [
              224,
              236
            ],
            [
              216,
              243
            ],
            [
              209,
              243
            ],
            [
              195,
              230
            ],
            [
              194,
              222
            ],
            [
              216,
              205
            ],
            [
              220,
              205
            ]
          ]
        ]
      },
      "properties": {}
    },
    {
      "type": "Feature",
      "geometry": {
        "type": "Polygon",
        "coordinates": [
          [
            [
              933,
              201
            ],
            [
              930,
              204
            ],
            [
              930,
              207
            ],
            [
              925,
              209
            ],
            [
              926,
              217
            ],
            [
              941,
              242
            ],
            [
              949,
              241
            ],
            [
              953,
              238
            ],
            [
              950,
              225
            ],
            [
              939,
              205
            ],
            [
              935,
              205
            ],
            [
              933,
              201
            ]
          ]
        ]
      },
      "properties": {}
    },
    {
      "type": "Feature",
      "geometry": {
        "type": "Polygon",
        "coordinates": [
          [
            [
              927,
              208
            ],
            [
              941,
              208
            ],
            [
              952,
              231
            ],
            [
              952,
              238
            ],
            [
              949,
              241
            ],
            [
              942,
              241
            ],
            [
              939,
              238
            ],
            [
              926,
              217
            ],
            [
              925,
              210
            ],
            [
              927,
              208
            ]
          ]
        ]
      },
      "properties": {}
    },
    {
      "type": "Feature",
      "geometry": {
        "type": "Polygon",
        "coordinates": [
          [
            [
              295,
              199
            ],
            [
              283,
              200
            ],
            [
              280,
              198
            ],
            [
              280,
              205
            ],
            [
              253,
              229
            ],
            [
              254,
              236
            ],
            [
              259,
              243
            ],
            [
              265,
              242
            ],
            [
              300,
              216
            ],
            [
              301,
              212
            ],
            [
              295,
              199
            ]
          ]
        ]
      },
      "properties": {}
    },
    {
      "type": "Feature",
      "geometry": {
        "type": "Polygon",
        "coordinates": [
          [
            [
              294,
              199
            ],
            [
              300,
              209
            ],
            [
              300,
              215
            ],
            [
              264,
              242
            ],
            [
              259,
              242
            ],
            [
              254,
              235
            ],
            [
              254,
              229
            ],
            [
              282,
              204
            ],
            [
              290,
              199
            ],
            [
              294,
              199
            ]
          ]
        ]
      },
      "properties": {}
    },
    {
      "type": "Feature",
      "geometry": {
        "type": "Polygon",
        "coordinates": [
          [
            [
              1243,
              194
            ],
            [
              1221,
              216
            ],
            [
              1218,
              216
            ],
            [
              1217,
              227
            ],
            [
              1213,
              233
            ],
            [
              1221,
              242
            ],
            [
              1225,
              242
            ],
            [
              1225,
              236
            ],
            [
              1230,
              235
            ],
            [
              1254,
              252
            ],
            [
              1258,
              249
            ],
            [
              1259,
              243
            ],
            [
              1251,
              225
            ],
            [
              1263,
              215
            ],
            [
              1265,
              209
            ],
            [
              1248,
              195
            ],
            [
              1243,
              194
            ]
          ]
        ]
      },
      "properties": {}
    },
    {
      "type": "Feature",
      "geometry": {
        "type": "Polygon",
        "coordinates": [
          [
            [
              1092,
              182
            ],
            [
              1087,
              181
            ],
            [
              1081,
              183
            ],
            [
              1069,
              190
            ],
            [
              1067,
              193
            ],
            [
              1069,
              201
            ],
            [
              1080,
              213
            ],
            [
              1104,
              202
            ],
            [
              1104,
              199
            ],
            [
              1092,
              182
            ]
          ]
        ]
      },
      "properties": {}
    },
    {
      "type": "Feature",
      "geometry": {
        "type": "Polygon",
        "coordinates": [
          [
            [
              1091,
              182
            ],
            [
              1101,
              195
            ],
            [
              1102,
              203
            ],
            [
              1086,
              211
            ],
            [
              1079,
              211
            ],
            [
              1067,
              197
            ],
            [
              1067,
              193
            ],
            [
              1084,
              182
            ],
            [
              1091,
              182
            ]
          ]
        ]
      },
      "properties": {}
    },
    {
      "type": "Feature",
      "geometry": {
        "type": "Polygon",
        "coordinates": [
          [
            [
              1351,
              152
            ],
            [
              1341,
              159
            ],
            [
              1333,
              169
            ],
            [
              1354,
              196
            ],
            [
              1357,
              196
            ],
            [
              1377,
              182
            ],
            [
              1379,
              174
            ],
            [
              1377,
              170
            ],
            [
              1367,
              164
            ],
            [
              1358,
              155
            ],
            [
              1351,
              152
            ]
          ]
        ]
      },
      "properties": {}
    },
    {
      "type": "Feature",
      "geometry": {
        "type": "Polygon",
        "coordinates": [
          [
            [
              1350,
              153
            ],
            [
              1357,
              155
            ],
            [
              1378,
              173
            ],
            [
              1377,
              181
            ],
            [
              1359,
              194
            ],
            [
              1354,
              194
            ],
            [
              1335,
              171
            ],
            [
              1335,
              166
            ],
            [
              1350,
              153
            ]
          ]
        ]
      },
      "properties": {}
    },
    {
      "type": "Feature",
      "geometry": {
        "type": "Polygon",
        "coordinates": [
          [
            [
              1091,
              145
            ],
            [
              1087,
              146
            ],
            [
              1086,
              151
            ],
            [
              1053,
              165
            ],
            [
              1052,
              173
            ],
            [
              1057,
              184
            ],
            [
              1068,
              181
            ],
            [
              1096,
              164
            ],
            [
              1095,
              158
            ],
            [
              1090,
              152
            ],
            [
              1091,
              145
            ]
          ]
        ]
      },
      "properties": {}
    },
    {
      "type": "Feature",
      "geometry": {
        "type": "Polygon",
        "coordinates": [
          [
            [
              1093,
              155
            ],
            [
              1095,
              159
            ],
            [
              1095,
              164
            ],
            [
              1065,
              182
            ],
            [
              1057,
              183
            ],
            [
              1053,
              176
            ],
            [
              1053,
              168
            ],
            [
              1060,
              162
            ],
            [
              1081,
              152
            ],
            [
              1089,
              152
            ],
            [
              1093,
              155
            ]
          ]
        ]
      },
      "properties": {}
    },
    {
      "type": "Feature",
      "geometry": {
        "type": "Polygon",
        "coordinates": [
          [
            [
              1036,
              134
            ],
            [
              1030,
              134
            ],
            [
              1014,
              144
            ],
            [
              1013,
              150
            ],
            [
              1005,
              148
            ],
            [
              986,
              158
            ],
            [
              995,
              180
            ],
            [
              1004,
              175
            ],
            [
              1020,
              177
            ],
            [
              1051,
              163
            ],
            [
              1049,
              152
            ],
            [
              1036,
              134
            ]
          ]
        ]
      },
      "properties": {}
    },
    {
      "type": "Feature",
      "geometry": {
        "type": "Polygon",
        "coordinates": [
          [
            [
              205,
              135
            ],
            [
              210,
              135
            ],
            [
              222,
              147
            ],
            [
              222,
              152
            ],
            [
              219,
              155
            ],
            [
              210,
              160
            ],
            [
              204,
              160
            ],
            [
              194,
              150
            ],
            [
              195,
              144
            ],
            [
              205,
              135
            ]
          ]
        ]
      },
      "properties": {}
    },
    {
      "type": "Feature",
      "geometry": {
        "type": "Polygon",
        "coordinates": [
          [
            [
              1165,
              139
            ],
            [
              1162,
              148
            ],
            [
              1192,
              198
            ],
            [
              1189,
              211
            ],
            [
              1202,
              205
            ],
            [
              1216,
              214
            ],
            [
              1217,
              204
            ],
            [
              1234,
              184
            ],
            [
              1234,
              173
            ],
            [
              1210,
              180
            ],
            [
              1208,
              198
            ],
            [
              1203,
              199
            ],
            [
              1190,
              187
            ],
            [
              1188,
              178
            ],
            [
              1200,
              146
            ],
            [
              1188,
              130
            ],
            [
              1165,
              139
            ]
          ]
        ]
      },
      "properties": {}
    },
    {
      "type": "Feature",
      "geometry": {
        "type": "Polygon",
        "coordinates": [
          [
            [
              1233,
              173
            ],
            [
              1235,
              176
            ],
            [
              1234,
              183
            ],
            [
              1219,
              200
            ],
            [
              1216,
              205
            ],
            [
              1216,
              210
            ],
            [
              1211,
              211
            ],
            [
              1208,
              208
            ],
            [
              1209,
              182
            ],
            [
              1227,
              172
            ],
            [
              1233,
              173
            ]
          ]
        ]
      },
      "properties": {}
    },
    {
      "type": "Feature",
      "geometry": {
        "type": "Polygon",
        "coordinates": [
          [
            [
              1188,
              131
            ],
            [
              1199,
              146
            ],
            [
              1196,
              164
            ],
            [
              1183,
              180
            ],
            [
              1179,
              180
            ],
            [
              1164,
              154
            ],
            [
              1162,
              143
            ],
            [
              1169,
              137
            ],
            [
              1188,
              131
            ]
          ]
        ]
      },
      "properties": {}
    },
    {
      "type": "Feature",
      "geometry": {
        "type": "Polygon",
        "coordinates": [
          [
            [
              302,
              126
            ],
            [
              289,
              137
            ],
            [
              287,
              144
            ],
            [
              309,
              182
            ],
            [
              307,
              200
            ],
            [
              309,
              206
            ],
            [
              331,
              194
            ],
            [
              334,
              184
            ],
            [
              316,
              142
            ],
            [
              307,
              127
            ],
            [
              302,
              126
            ]
          ]
        ]
      },
      "properties": {}
    },
    {
      "type": "Feature",
      "geometry": {
        "type": "Polygon",
        "coordinates": [
          [
            [
              301,
              127
            ],
            [
              306,
              127
            ],
            [
              334,
              184
            ],
            [
              334,
              190
            ],
            [
              313,
              205
            ],
            [
              309,
              205
            ],
            [
              307,
              200
            ],
            [
              309,
              181
            ],
            [
              288,
              145
            ],
            [
              289,
              138
            ],
            [
              301,
              127
            ]
          ]
        ]
      },
      "properties": {}
    },
    {
      "type": "Feature",
      "geometry": {
        "type": "Polygon",
        "coordinates": [
          [
            [
              1506,
              125
            ],
            [
              1481,
              165
            ],
            [
              1476,
              197
            ],
            [
              1481,
              202
            ],
            [
              1522,
              156
            ],
            [
              1533,
              158
            ],
            [
              1516,
              189
            ],
            [
              1549,
              199
            ],
            [
              1546,
              211
            ],
            [
              1522,
              229
            ],
            [
              1528,
              250
            ],
            [
              1542,
              254
            ],
            [
              1568,
              233
            ],
            [
              1573,
              197
            ],
            [
              1559,
              198
            ],
            [
              1564,
              183
            ],
            [
              1540,
              158
            ],
            [
              1547,
              144
            ],
            [
              1522,
              145
            ],
            [
              1518,
              129
            ],
            [
              1506,
              125
            ]
          ]
        ]
      },
      "properties": {}
    },
    {
      "type": "Feature",
      "geometry": {
        "type": "Polygon",
        "coordinates": [
          [
            [
              1571,
              198
            ],
            [
              1572,
              204
            ],
            [
              1565,
              219
            ],
            [
              1567,
              232
            ],
            [
              1556,
              238
            ],
            [
              1541,
              254
            ],
            [
              1530,
              251
            ],
            [
              1527,
              247
            ],
            [
              1529,
              223
            ],
            [
              1541,
              213
            ],
            [
              1556,
              214
            ],
            [
              1551,
              208
            ],
            [
              1552,
              202
            ],
            [
              1571,
              198
            ]
          ]
        ]
      },
      "properties": {}
    },
    {
      "type": "Feature",
      "geometry": {
        "type": "Polygon",
        "coordinates": [
          [
            [
              1518,
              186
            ],
            [
              1536,
              161
            ],
            [
              1541,
              160
            ],
            [
              1562,
              181
            ],
            [
              1564,
              189
            ],
            [
              1552,
              197
            ],
            [
              1537,
              199
            ],
            [
              1529,
              197
            ],
            [
              1519,
              191
            ],
            [
              1518,
              186
            ]
          ]
        ]
      },
      "properties": {}
    },
    {
      "type": "Feature",
      "geometry": {
        "type": "Polygon",
        "coordinates": [
          [
            [
              1513,
              125
            ],
            [
              1519,
              132
            ],
            [
              1522,
              147
            ],
            [
              1535,
              143
            ],
            [
              1540,
              147
            ],
            [
              1540,
              153
            ],
            [
              1534,
              158
            ],
            [
              1522,
              155
            ],
            [
              1491,
              191
            ],
            [
              1477,
              198
            ],
            [
              1476,
              181
            ],
            [
              1485,
              156
            ],
            [
              1502,
              129
            ],
            [
              1513,
              125
            ]
          ]
        ]
      },
      "properties": {}
    },
    {
      "type": "Feature",
      "geometry": {
        "type": "Polygon",
        "coordinates": [
          [
            [
              223,
              133
            ],
            [
              247,
              163
            ],
            [
              256,
              158
            ],
            [
              261,
              159
            ],
            [
              258,
              168
            ],
            [
              260,
              174
            ],
            [
              270,
              172
            ],
            [
              280,
              163
            ],
            [
              281,
              150
            ],
            [
              265,
              155
            ],
            [
              262,
              145
            ],
            [
              240,
              120
            ],
            [
              223,
              133
            ]
          ]
        ]
      },
      "properties": {}
    },
    {
      "type": "Feature",
      "geometry": {
        "type": "Polygon",
        "coordinates": [
          [
            [
              237,
              122
            ],
            [
              241,
              122
            ],
            [
              257,
              139
            ],
            [
              263,
              148
            ],
            [
              263,
              152
            ],
            [
              251,
              161
            ],
            [
              247,
              161
            ],
            [
              226,
              136
            ],
            [
              226,
              131
            ],
            [
              237,
              122
            ]
          ]
        ]
      },
      "properties": {}
    },
    {
      "type": "Feature",
      "geometry": {
        "type": "Polygon",
        "coordinates": [
          [
            [
              1705,
              76
            ],
            [
              1695,
              79
            ],
            [
              1694,
              75
            ],
            [
              1692,
              75
            ],
            [
              1686,
              81
            ],
            [
              1688,
              88
            ],
            [
              1668,
              111
            ],
            [
              1675,
              127
            ],
            [
              1701,
              109
            ],
            [
              1695,
              87
            ],
            [
              1705,
              79
            ],
            [
              1705,
              76
            ]
          ]
        ]
      },
      "properties": {}
    },
    {
      "type": "Feature",
      "geometry": {
        "type": "Polygon",
        "coordinates": [
          [
            [
              1692,
              89
            ],
            [
              1699,
              100
            ],
            [
              1700,
              109
            ],
            [
              1689,
              116
            ],
            [
              1679,
              125
            ],
            [
              1674,
              125
            ],
            [
              1672,
              117
            ],
            [
              1670,
              115
            ],
            [
              1670,
              109
            ],
            [
              1688,
              89
            ],
            [
              1692,
              89
            ]
          ]
        ]
      },
      "properties": {}
    },
    {
      "type": "Feature",
      "geometry": {
        "type": "Polygon",
        "coordinates": [
          [
            [
              203,
              75
            ],
            [
              191,
              80
            ],
            [
              172,
              95
            ],
            [
              185,
              115
            ],
            [
              195,
              112
            ],
            [
              218,
              96
            ],
            [
              218,
              91
            ],
            [
              203,
              75
            ]
          ]
        ]
      },
      "properties": {}
    },
    {
      "type": "Feature",
      "geometry": {
        "type": "Polygon",
        "coordinates": [
          [
            [
              204,
              77
            ],
            [
              217,
              91
            ],
            [
              217,
              96
            ],
            [
              194,
              112
            ],
            [
              186,
              114
            ],
            [
              175,
              100
            ],
            [
              174,
              94
            ],
            [
              192,
              80
            ],
            [
              204,
              77
            ]
          ]
        ]
      },
      "properties": {}
    },
    {
      "type": "Feature",
      "geometry": {
        "type": "Polygon",
        "coordinates": [
          [
            [
              1333,
              74
            ],
            [
              1328,
              75
            ],
            [
              1315,
              93
            ],
            [
              1315,
              97
            ],
            [
              1324,
              109
            ],
            [
              1329,
              108
            ],
            [
              1342,
              99
            ],
            [
              1344,
              96
            ],
            [
              1343,
              86
            ],
            [
              1339,
              80
            ],
            [
              1334,
              78
            ],
            [
              1333,
              74
            ]
          ]
        ]
      },
      "properties": {}
    },
    {
      "type": "Feature",
      "geometry": {
        "type": "Polygon",
        "coordinates": [
          [
            [
              1333,
              76
            ],
            [
              1334,
              79
            ],
            [
              1337,
              79
            ],
            [
              1341,
              83
            ],
            [
              1344,
              89
            ],
            [
              1344,
              95
            ],
            [
              1341,
              99
            ],
            [
              1331,
              106
            ],
            [
              1324,
              107
            ],
            [
              1317,
              99
            ],
            [
              1316,
              92
            ],
            [
              1329,
              76
            ],
            [
              1333,
              76
            ]
          ]
        ]
      },
      "properties": {}
    },
    {
      "type": "Feature",
      "geometry": {
        "type": "Polygon",
        "coordinates": [
          [
            [
              1573,
              70
            ],
            [
              1568,
              69
            ],
            [
              1561,
              72
            ],
            [
              1549,
              80
            ],
            [
              1541,
              88
            ],
            [
              1541,
              96
            ],
            [
              1553,
              110
            ],
            [
              1559,
              105
            ],
            [
              1575,
              81
            ],
            [
              1576,
              74
            ],
            [
              1573,
              70
            ]
          ]
        ]
      },
      "properties": {}
    },
    {
      "type": "Feature",
      "geometry": {
        "type": "Polygon",
        "coordinates": [
          [
            [
              1572,
              70
            ],
            [
              1575,
              73
            ],
            [
              1575,
              80
            ],
            [
              1556,
              107
            ],
            [
              1551,
              107
            ],
            [
              1541,
              95
            ],
            [
              1541,
              89
            ],
            [
              1557,
              75
            ],
            [
              1566,
              70
            ],
            [
              1572,
              70
            ]
          ]
        ]
      },
      "properties": {}
    },
    {
      "type": "Feature",
      "geometry": {
        "type": "Polygon",
        "coordinates": [
          [
            [
              1628,
              65
            ],
            [
              1625,
              65
            ],
            [
              1601,
              87
            ],
            [
              1602,
              92
            ],
            [
              1611,
              102
            ],
            [
              1617,
              101
            ],
            [
              1638,
              81
            ],
            [
              1638,
              78
            ],
            [
              1628,
              65
            ]
          ]
        ]
      },
      "properties": {}
    },
    {
      "type": "Feature",
      "geometry": {
        "type": "Polygon",
        "coordinates": [
          [
            [
              1629,
              67
            ],
            [
              1636,
              76
            ],
            [
              1636,
              82
            ],
            [
              1616,
              101
            ],
            [
              1611,
              101
            ],
            [
              1606,
              95
            ],
            [
              1606,
              83
            ],
            [
              1624,
              67
            ],
            [
              1629,
              67
            ]
          ]
        ]
      },
      "properties": {}
    },
    {
      "type": "Feature",
      "geometry": {
        "type": "Polygon",
        "coordinates": [
          [
            [
              258,
              61
            ],
            [
              240,
              76
            ],
            [
              238,
              83
            ],
            [
              241,
              90
            ],
            [
              249,
              98
            ],
            [
              255,
              100
            ],
            [
              259,
              111
            ],
            [
              272,
              125
            ],
            [
              293,
              106
            ],
            [
              263,
              62
            ],
            [
              258,
              61
            ]
          ]
        ]
      },
      "properties": {}
    },
    {
      "type": "Feature",
      "geometry": {
        "type": "Polygon",
        "coordinates": [
          [
            [
              256,
              62
            ],
            [
              263,
              63
            ],
            [
              291,
              103
            ],
            [
              291,
              108
            ],
            [
              274,
              122
            ],
            [
              269,
              122
            ],
            [
              257,
              107
            ],
            [
              255,
              99
            ],
            [
              251,
              99
            ],
            [
              239,
              85
            ],
            [
              240,
              77
            ],
            [
              256,
              62
            ]
          ]
        ]
      },
      "properties": {}
    },
    {
      "type": "Feature",
      "geometry": {
        "type": "Polygon",
        "coordinates": [
          [
            [
              481,
              45
            ],
            [
              474,
              47
            ],
            [
              461,
              58
            ],
            [
              462,
              66
            ],
            [
              471,
              84
            ],
            [
              475,
              83
            ],
            [
              486,
              75
            ],
            [
              496,
              65
            ],
            [
              496,
              62
            ],
            [
              490,
              57
            ],
            [
              489,
              53
            ],
            [
              481,
              45
            ]
          ]
        ]
      },
      "properties": {}
    },
    {
      "type": "Feature",
      "geometry": {
        "type": "Polygon",
        "coordinates": [
          [
            [
              481,
              46
            ],
            [
              494,
              61
            ],
            [
              494,
              67
            ],
            [
              475,
              82
            ],
            [
              471,
              82
            ],
            [
              462,
              66
            ],
            [
              461,
              59
            ],
            [
              475,
              47
            ],
            [
              481,
              46
            ]
          ]
        ]
      },
      "properties": {}
    },
    {
      "type": "Feature",
      "geometry": {
        "type": "Polygon",
        "coordinates": [
          [
            [
              1642,
              43
            ],
            [
              1643,
              51
            ],
            [
              1658,
              66
            ],
            [
              1674,
              61
            ],
            [
              1696,
              59
            ],
            [
              1701,
              54
            ],
            [
              1701,
              45
            ],
            [
              1695,
              40
            ],
            [
              1656,
              38
            ],
            [
              1649,
              43
            ],
            [
              1642,
              43
            ]
          ]
        ]
      },
      "properties": {}
    },
    {
      "type": "Feature",
      "geometry": {
        "type": "Polygon",
        "coordinates": [
          [
            [
              1644,
              47
            ],
            [
              1657,
              38
            ],
            [
              1695,
              40
            ],
            [
              1701,
              45
            ],
            [
              1701,
              54
            ],
            [
              1696,
              59
            ],
            [
              1656,
              65
            ],
            [
              1644,
              51
            ],
            [
              1644,
              47
            ]
          ]
        ]
      },
      "properties": {}
    },
    {
      "type": "Feature",
      "geometry": {
        "type": "Polygon",
        "coordinates": [
          [
            [
              369,
              201
            ],
            [
              365,
              209
            ],
            [
              285,
              269
            ],
            [
              280,
              268
            ],
            [
              284,
              260
            ],
            [
              334,
              224
            ],
            [
              355,
              204
            ],
            [
              369,
              201
            ]
          ]
        ]
      },
      "properties": {}
    },
    {
      "type": "Feature",
      "geometry": {
        "type": "Polygon",
        "coordinates": [
          [
            [
              512,
              22
            ],
            [
              509,
              22
            ],
            [
              493,
              36
            ],
            [
              495,
              45
            ],
            [
              504,
              59
            ],
            [
              509,
              58
            ],
            [
              524,
              46
            ],
            [
              524,
              41
            ],
            [
              512,
              22
            ]
          ]
        ]
      },
      "properties": {}
    },
    {
      "type": "Feature",
      "geometry": {
        "type": "Polygon",
        "coordinates": [
          [
            [
              513,
              24
            ],
            [
              523,
              40
            ],
            [
              523,
              46
            ],
            [
              508,
              58
            ],
            [
              504,
              58
            ],
            [
              494,
              42
            ],
            [
              494,
              36
            ],
            [
              506,
              25
            ],
            [
              513,
              24
            ]
          ]
        ]
      },
      "properties": {}
    },
    {
      "type": "Feature",
      "geometry": {
        "type": "Polygon",
        "coordinates": [
          [
            [
              1372,
              20
            ],
            [
              1376,
              25
            ],
            [
              1375,
              35
            ],
            [
              1340,
              60
            ],
            [
              1335,
              60
            ],
            [
              1331,
              51
            ],
            [
              1331,
              43
            ],
            [
              1365,
              19
            ],
            [
              1372,
              20
            ]
          ]
        ]
      },
      "properties": {}
    },
    {
      "type": "Feature",
      "geometry": {
        "type": "Polygon",
        "coordinates": [
          [
            [
              1401,
              68
            ],
            [
              1409,
              77
            ],
            [
              1409,
              82
            ],
            [
              1390,
              101
            ],
            [
              1383,
              106
            ],
            [
              1378,
              106
            ],
            [
              1373,
              101
            ],
            [
              1374,
              95
            ],
            [
              1397,
              68
            ],
            [
              1401,
              68
            ]
          ]
        ]
      },
      "properties": {}
    },
    {
      "type": "Feature",
      "geometry": {
        "type": "Polygon",
        "coordinates": [
          [
            [
              1408,
              28
            ],
            [
              1417,
              44
            ],
            [
              1417,
              48
            ],
            [
              1403,
              57
            ],
            [
              1399,
              64
            ],
            [
              1395,
              64
            ],
            [
              1385,
              49
            ],
            [
              1384,
              43
            ],
            [
              1402,
              28
            ],
            [
              1408,
              28
            ]
          ]
        ]
      },
      "properties": {}
    },
    {
      "type": "Feature",
      "geometry": {
        "type": "Polygon",
        "coordinates": [
          [
            [
              1468,
              11
            ],
            [
              1476,
              32
            ],
            [
              1451,
              54
            ],
            [
              1444,
              56
            ],
            [
              1432,
              70
            ],
            [
              1416,
              78
            ],
            [
              1411,
              67
            ],
            [
              1422,
              56
            ],
            [
              1432,
              51
            ],
            [
              1443,
              54
            ],
            [
              1434,
              45
            ],
            [
              1437,
              32
            ],
            [
              1462,
              12
            ],
            [
              1468,
              11
            ]
          ]
        ]
      },
      "properties": {}
    },
    {
      "type": "Feature",
      "geometry": {
        "type": "Polygon",
        "coordinates": [
          [
            [
              411,
              6
            ],
            [
              376,
              34
            ],
            [
              390,
              60
            ],
            [
              372,
              79
            ],
            [
              346,
              57
            ],
            [
              325,
              74
            ],
            [
              324,
              94
            ],
            [
              373,
              170
            ],
            [
              410,
              140
            ],
            [
              400,
              122
            ],
            [
              383,
              132
            ],
            [
              353,
              94
            ],
            [
              361,
              82
            ],
            [
              381,
              101
            ],
            [
              411,
              84
            ],
            [
              434,
              115
            ],
            [
              463,
              93
            ],
            [
              431,
              47
            ],
            [
              408,
              63
            ],
            [
              390,
              57
            ],
            [
              422,
              23
            ],
            [
              411,
              6
            ]
          ]
        ]
      },
      "properties": {}
    },
    {
      "type": "Feature",
      "geometry": {
        "type": "Polygon",
        "coordinates": [
          [
            [
              342,
              58
            ],
            [
              361,
              76
            ],
            [
              352,
              93
            ],
            [
              371,
              125
            ],
            [
              382,
              134
            ],
            [
              400,
              123
            ],
            [
              408,
              143
            ],
            [
              377,
              169
            ],
            [
              359,
              152
            ],
            [
              326,
              97
            ],
            [
              332,
              86
            ],
            [
              326,
              74
            ],
            [
              342,
              58
            ]
          ]
        ]
      },
      "properties": {}
    },
    {
      "type": "Feature",
      "geometry": {
        "type": "Polygon",
        "coordinates": [
          [
            [
              411,
              7
            ],
            [
              420,
              19
            ],
            [
              420,
              24
            ],
            [
              392,
              51
            ],
            [
              384,
              53
            ],
            [
              376,
              43
            ],
            [
              376,
              35
            ],
            [
              400,
              12
            ],
            [
              407,
              7
            ],
            [
              411,
              7
            ]
          ]
        ]
      },
      "properties": {}
    },
    {
      "type": "Feature",
      "geometry": {
        "type": "Polygon",
        "coordinates": [
          [
            [
              1662,
              14
            ],
            [
              1663,
              18
            ],
            [
              1675,
              23
            ],
            [
              1695,
              26
            ],
            [
              1700,
              22
            ],
            [
              1701,
              5
            ],
            [
              1705,
              0
            ],
            [
              1673,
              0
            ],
            [
              1673,
              2
            ],
            [
              1662,
              14
            ]
          ]
        ]
      },
      "properties": {}
    },
    {
      "type": "Feature",
      "geometry": {
        "type": "Polygon",
        "coordinates": [
          [
            [
              1664,
              12
            ],
            [
              1675,
              0
            ],
            [
              1701,
              1
            ],
            [
              1701,
              19
            ],
            [
              1695,
              26
            ],
            [
              1682,
              25
            ],
            [
              1667,
              20
            ],
            [
              1664,
              17
            ],
            [
              1664,
              12
            ]
          ]
        ]
      },
      "properties": {}
    },
    {
      "type": "Feature",
      "geometry": {
        "type": "Polygon",
        "coordinates": [
          [
            [
              1591,
              8
            ],
            [
              1594,
              5
            ],
            [
              1606,
              3
            ],
            [
              1623,
              22
            ],
            [
              1622,
              30
            ],
            [
              1619,
              33
            ],
            [
              1615,
              33
            ],
            [
              1591,
              17
            ],
            [
              1591,
              8
            ]
          ]
        ]
      },
      "properties": {}
    },
    {
      "type": "Feature",
      "geometry": {
        "type": "Polygon",
        "coordinates": [
          [
            [
              1496,
              31
            ],
            [
              1501,
              29
            ],
            [
              1513,
              12
            ],
            [
              1516,
              0
            ],
            [
              1537,
              0
            ],
            [
              1493,
              0
            ],
            [
              1492,
              15
            ],
            [
              1496,
              25
            ],
            [
              1496,
              31
            ]
          ]
        ]
      },
      "properties": {}
    },
    {
      "type": "Feature",
      "geometry": {
        "type": "Polygon",
        "coordinates": [
          [
            [
              1175,
              61
            ],
            [
              1189,
              63
            ],
            [
              1189,
              66
            ],
            [
              1194,
              70
            ],
            [
              1209,
              90
            ],
            [
              1209,
              99
            ],
            [
              1205,
              102
            ],
            [
              1201,
              102
            ],
            [
              1189,
              91
            ],
            [
              1175,
              72
            ],
            [
              1175,
              68
            ],
            [
              1173,
              67
            ],
            [
              1173,
              63
            ],
            [
              1175,
              61
            ]
          ]
        ]
      },
      "properties": {}
    },
    {
      "type": "Feature",
      "geometry": {
        "type": "Polygon",
        "coordinates": [
          [
            [
              1287,
              13
            ],
            [
              1299,
              25
            ],
            [
              1299,
              31
            ],
            [
              1286,
              42
            ],
            [
              1280,
              43
            ],
            [
              1267,
              29
            ],
            [
              1267,
              25
            ],
            [
              1274,
              21
            ],
            [
              1282,
              13
            ],
            [
              1287,
              13
            ]
          ]
        ]
      },
      "properties": {}
    },
    {
      "type": "Feature",
      "geometry": {
        "type": "Polygon",
        "coordinates": [
          [
            [
              1171,
              33
            ],
            [
              1172,
              18
            ],
            [
              1192,
              0
            ],
            [
              1279,
              2
            ],
            [
              1278,
              8
            ],
            [
              1260,
              24
            ],
            [
              1220,
              48
            ],
            [
              1211,
              41
            ],
            [
              1192,
              58
            ],
            [
              1184,
              57
            ],
            [
              1171,
              33
            ]
          ]
        ]
      },
      "properties": {}
    },
    {
      "type": "Feature",
      "geometry": {
        "type": "Polygon",
        "coordinates": [
          [
            [
              723,
              90
            ],
            [
              720,
              102
            ],
            [
              618,
              109
            ],
            [
              562,
              127
            ],
            [
              554,
              122
            ],
            [
              529,
              142
            ],
            [
              510,
              117
            ],
            [
              536,
              94
            ],
            [
              557,
              100
            ],
            [
              624,
              73
            ],
            [
              672,
              78
            ],
            [
              674,
              90
            ],
            [
              695,
              91
            ],
            [
              706,
              83
            ],
            [
              723,
              90
            ]
          ]
        ]
      },
      "properties": {}
    },
    {
      "type": "Feature",
      "geometry": {
        "type": "Polygon",
        "coordinates": [
          [
            [
              683,
              7
            ],
            [
              695,
              31
            ],
            [
              639,
              61
            ],
            [
              634,
              61
            ],
            [
              627,
              50
            ],
            [
              624,
              37
            ],
            [
              640,
              26
            ],
            [
              683,
              7
            ]
          ]
        ]
      },
      "properties": {}
    },
    {
      "type": "Feature",
      "geometry": {
        "type": "Polygon",
        "coordinates": [
          [
            [
              1006,
              1
            ],
            [
              1079,
              0
            ],
            [
              1098,
              21
            ],
            [
              1098,
              26
            ],
            [
              1080,
              33
            ],
            [
              1048,
              29
            ],
            [
              1041,
              64
            ],
            [
              1035,
              65
            ],
            [
              1034,
              43
            ],
            [
              1040,
              35
            ],
            [
              1006,
              1
            ]
          ]
        ]
      },
      "properties": {}
    },
    {
      "type": "Feature",
      "geometry": {
        "type": "Polygon",
        "coordinates": [
          [
            [
              415,
              0
            ],
            [
              456,
              0
            ],
            [
              457,
              5
            ],
            [
              449,
              10
            ],
            [
              449,
              14
            ],
            [
              460,
              30
            ],
            [
              488,
              12
            ],
            [
              496,
              0
            ],
            [
              501,
              0
            ],
            [
              415,
              0
            ]
          ]
        ]
      },
      "properties": {}
    },
    {
      "type": "Feature",
      "geometry": {
        "type": "Polygon",
        "coordinates": [
          [
            [
              493,
              1
            ],
            [
              493,
              5
            ],
            [
              487,
              12
            ],
            [
              464,
              29
            ],
            [
              459,
              28
            ],
            [
              450,
              14
            ],
            [
              451,
              9
            ],
            [
              468,
              0
            ],
            [
              493,
              1
            ]
          ]
        ]
      },
      "properties": {}
    },
    {
      "type": "Feature",
      "geometry": {
        "type": "Polygon",
        "coordinates": [
          [
            [
              219,
              0
            ],
            [
              249,
              0
            ],
            [
              260,
              14
            ],
            [
              284,
              1
            ],
            [
              311,
              53
            ],
            [
              356,
              23
            ],
            [
              346,
              0
            ],
            [
              330,
              0
            ],
            [
              302,
              23
            ],
            [
              285,
              0
            ],
            [
              265,
              14
            ],
            [
              258,
              10
            ],
            [
              259,
              0
            ],
            [
              219,
              0
            ]
          ]
        ]
      },
      "properties": {}
    },
    {
      "type": "Feature",
      "geometry": {
        "type": "Polygon",
        "coordinates": [
          [
            [
              99,
              1280
            ],
            [
              100,
              1285
            ],
            [
              85,
              1309
            ],
            [
              66,
              1334
            ],
            [
              60,
              1336
            ],
            [
              58,
              1333
            ],
            [
              58,
              1312
            ],
            [
              62,
              1279
            ],
            [
              99,
              1280
            ]
          ]
        ]
      },
      "properties": {}
    },
    {
      "type": "Feature",
      "geometry": {
        "type": "Polygon",
        "coordinates": [
          [
            [
              54,
              1278
            ],
            [
              52,
              1354
            ],
            [
              57,
              1385
            ],
            [
              50,
              1408
            ],
            [
              6,
              1410
            ],
            [
              5,
              1281
            ],
            [
              54,
              1278
            ]
          ]
        ]
      },
      "properties": {}
    },
    {
      "type": "Feature",
      "geometry": {
        "type": "Polygon",
        "coordinates": [
          [
            [
              58,
              1315
            ],
            [
              52,
              1315
            ],
            [
              55,
              1278
            ],
            [
              6,
              1280
            ],
            [
              5,
              1272
            ],
            [
              55,
              1272
            ],
            [
              55,
              1267
            ],
            [
              60,
              1266
            ],
            [
              62,
              1280
            ],
            [
              58,
              1315
            ]
          ]
        ]
      },
      "properties": {}
    },
    {
      "type": "Feature",
      "geometry": {
        "type": "Polygon",
        "coordinates": [
          [
            [
              107,
              1265
            ],
            [
              204,
              1266
            ],
            [
              205,
              1271
            ],
            [
              108,
              1273
            ],
            [
              107,
              1265
            ]
          ]
        ]
      },
      "properties": {}
    },
    {
      "type": "Feature",
      "geometry": {
        "type": "Polygon",
        "coordinates": [
          [
            [
              93,
              1253
            ],
            [
              95,
              1264
            ],
            [
              94,
              1271
            ],
            [
              82,
              1273
            ],
            [
              61,
              1272
            ],
            [
              62,
              1254
            ],
            [
              64,
              1252
            ],
            [
              91,
              1251
            ],
            [
              93,
              1253
            ]
          ]
        ]
      },
      "properties": {}
    },
    {
      "type": "Feature",
      "geometry": {
        "type": "Polygon",
        "coordinates": [
          [
            [
              326,
              1198
            ],
            [
              327,
              1203
            ],
            [
              301,
              1234
            ],
            [
              295,
              1234
            ],
            [
              282,
              1224
            ],
            [
              282,
              1220
            ],
            [
              302,
              1197
            ],
            [
              326,
              1198
            ]
          ]
        ]
      },
      "properties": {}
    },
    {
      "type": "Feature",
      "geometry": {
        "type": "Polygon",
        "coordinates": [
          [
            [
              84,
              1115
            ],
            [
              93,
              1121
            ],
            [
              92,
              1126
            ],
            [
              63,
              1124
            ],
            [
              62,
              1262
            ],
            [
              57,
              1263
            ],
            [
              56,
              1122
            ],
            [
              64,
              1115
            ],
            [
              84,
              1115
            ]
          ]
        ]
      },
      "properties": {}
    },
    {
      "type": "Feature",
      "geometry": {
        "type": "Polygon",
        "coordinates": [
          [
            [
              45,
              1044
            ],
            [
              65,
              1098
            ],
            [
              56,
              1122
            ],
            [
              56,
              1247
            ],
            [
              30,
              1254
            ],
            [
              54,
              1251
            ],
            [
              56,
              1266
            ],
            [
              6,
              1271
            ],
            [
              8,
              1172
            ],
            [
              34,
              1172
            ],
            [
              5,
              1164
            ],
            [
              5,
              1104
            ],
            [
              13,
              1104
            ],
            [
              6,
              1059
            ],
            [
              45,
              1044
            ]
          ]
        ]
      },
      "properties": {}
    },
    {
      "type": "Feature",
      "geometry": {
        "type": "Polygon",
        "coordinates": [
          [
            [
              34,
              987
            ],
            [
              38,
              995
            ],
            [
              37,
              1009
            ],
            [
              42,
              1036
            ],
            [
              21,
              1047
            ],
            [
              6,
              1050
            ],
            [
              5,
              997
            ],
            [
              34,
              987
            ]
          ]
        ]
      },
      "properties": {}
    },
    {
      "type": "Feature",
      "geometry": {
        "type": "Polygon",
        "coordinates": [
          [
            [
              282,
              924
            ],
            [
              303,
              967
            ],
            [
              253,
              1040
            ],
            [
              236,
              1056
            ],
            [
              189,
              1041
            ],
            [
              169,
              1057
            ],
            [
              135,
              971
            ],
            [
              192,
              926
            ],
            [
              201,
              928
            ],
            [
              202,
              920
            ],
            [
              246,
              931
            ],
            [
              282,
              924
            ]
          ]
        ]
      },
      "properties": {}
    },
    {
      "type": "Feature",
      "geometry": {
        "type": "Polygon",
        "coordinates": [
          [
            [
              275,
              913
            ],
            [
              275,
              919
            ],
            [
              271,
              923
            ],
            [
              262,
              925
            ],
            [
              230,
              921
            ],
            [
              213,
              916
            ],
            [
              215,
              910
            ],
            [
              252,
              882
            ],
            [
              258,
              883
            ],
            [
              275,
              913
            ]
          ]
        ]
      },
      "properties": {}
    },
    {
      "type": "Feature",
      "geometry": {
        "type": "Polygon",
        "coordinates": [
          [
            [
              51,
              880
            ],
            [
              55,
              880
            ],
            [
              57,
              886
            ],
            [
              63,
              887
            ],
            [
              63,
              893
            ],
            [
              57,
              895
            ],
            [
              53,
              956
            ],
            [
              48,
              955
            ],
            [
              50,
              890
            ],
            [
              45,
              889
            ],
            [
              45,
              885
            ],
            [
              51,
              880
            ]
          ]
        ]
      },
      "properties": {}
    },
    {
      "type": "Feature",
      "geometry": {
        "type": "Polygon",
        "coordinates": [
          [
            [
              269,
              878
            ],
            [
              281,
              878
            ],
            [
              285,
              881
            ],
            [
              291,
              896
            ],
            [
              291,
              902
            ],
            [
              286,
              907
            ],
            [
              281,
              907
            ],
            [
              268,
              885
            ],
            [
              269,
              878
            ]
          ]
        ]
      },
      "properties": {}
    },
    {
      "type": "Feature",
      "geometry": {
        "type": "Polygon",
        "coordinates": [
          [
            [
              183,
              878
            ],
            [
              197,
              912
            ],
            [
              48,
              1028
            ],
            [
              38,
              902
            ],
            [
              50,
              901
            ],
            [
              51,
              963
            ],
            [
              58,
              895
            ],
            [
              144,
              905
            ],
            [
              183,
              878
            ]
          ]
        ]
      },
      "properties": {}
    },
    {
      "type": "Feature",
      "geometry": {
        "type": "Polygon",
        "coordinates": [
          [
            [
              35,
              871
            ],
            [
              41,
              872
            ],
            [
              38,
              884
            ],
            [
              42,
              886
            ],
            [
              38,
              893
            ],
            [
              40,
              991
            ],
            [
              31,
              984
            ],
            [
              30,
              882
            ],
            [
              35,
              871
            ]
          ]
        ]
      },
      "properties": {}
    },
    {
      "type": "Feature",
      "geometry": {
        "type": "Polygon",
        "coordinates": [
          [
            [
              308,
              643
            ],
            [
              313,
              643
            ],
            [
              316,
              645
            ],
            [
              322,
              655
            ],
            [
              323,
              665
            ],
            [
              317,
              671
            ],
            [
              313,
              671
            ],
            [
              306,
              668
            ],
            [
              300,
              662
            ],
            [
              300,
              659
            ],
            [
              298,
              656
            ],
            [
              298,
              652
            ],
            [
              308,
              643
            ]
          ]
        ]
      },
      "properties": {}
    },
    {
      "type": "Feature",
      "geometry": {
        "type": "Polygon",
        "coordinates": [
          [
            [
              82,
              636
            ],
            [
              87,
              635
            ],
            [
              97,
              640
            ],
            [
              108,
              640
            ],
            [
              125,
              654
            ],
            [
              125,
              660
            ],
            [
              117,
              670
            ],
            [
              112,
              670
            ],
            [
              82,
              640
            ],
            [
              82,
              636
            ]
          ]
        ]
      },
      "properties": {}
    },
    {
      "type": "Feature",
      "geometry": {
        "type": "Polygon",
        "coordinates": [
          [
            [
              38,
              621
            ],
            [
              42,
              621
            ],
            [
              95,
              674
            ],
            [
              103,
              686
            ],
            [
              102,
              693
            ],
            [
              63,
              690
            ],
            [
              62,
              679
            ],
            [
              49,
              646
            ],
            [
              35,
              628
            ],
            [
              38,
              621
            ]
          ]
        ]
      },
      "properties": {}
    },
    {
      "type": "Feature",
      "geometry": {
        "type": "Polygon",
        "coordinates": [
          [
            [
              6,
              609
            ],
            [
              11,
              610
            ],
            [
              31,
              638
            ],
            [
              42,
              638
            ],
            [
              45,
              669
            ],
            [
              57,
              683
            ],
            [
              52,
              703
            ],
            [
              14,
              712
            ],
            [
              10,
              720
            ],
            [
              5,
              719
            ],
            [
              6,
              609
            ]
          ]
        ]
      },
      "properties": {}
    },
    {
      "type": "Feature",
      "geometry": {
        "type": "Polygon",
        "coordinates": [
          [
            [
              6,
              558
            ],
            [
              55,
              549
            ],
            [
              109,
              550
            ],
            [
              129,
              567
            ],
            [
              126,
              586
            ],
            [
              151,
              588
            ],
            [
              169,
              603
            ],
            [
              143,
              632
            ],
            [
              128,
              608
            ],
            [
              107,
              612
            ],
            [
              96,
              603
            ],
            [
              112,
              578
            ],
            [
              50,
              573
            ],
            [
              29,
              585
            ],
            [
              6,
              558
            ]
          ]
        ]
      },
      "properties": {}
    },
    {
      "type": "Feature",
      "geometry": {
        "type": "Polygon",
        "coordinates": [
          [
            [
              45,
              467
            ],
            [
              45,
              472
            ],
            [
              33,
              499
            ],
            [
              28,
              499
            ],
            [
              15,
              491
            ],
            [
              5,
              488
            ],
            [
              6,
              468
            ],
            [
              22,
              468
            ],
            [
              32,
              465
            ],
            [
              45,
              467
            ]
          ]
        ]
      },
      "properties": {}
    },
    {
      "type": "Feature",
      "geometry": {
        "type": "Polygon",
        "coordinates": [
          [
            [
              63,
              426
            ],
            [
              63,
              432
            ],
            [
              57,
              435
            ],
            [
              28,
              439
            ],
            [
              5,
              438
            ],
            [
              6,
              431
            ],
            [
              22,
              427
            ],
            [
              27,
              423
            ],
            [
              50,
              414
            ],
            [
              56,
              414
            ],
            [
              63,
              426
            ]
          ]
        ]
      },
      "properties": {}
    },
    {
      "type": "Feature",
      "geometry": {
        "type": "Polygon",
        "coordinates": [
          [
            [
              100,
              401
            ],
            [
              99,
              418
            ],
            [
              68,
              423
            ],
            [
              61,
              415
            ],
            [
              61,
              410
            ],
            [
              64,
              407
            ],
            [
              90,
              400
            ],
            [
              100,
              401
            ]
          ]
        ]
      },
      "properties": {}
    },
    {
      "type": "Feature",
      "geometry": {
        "type": "Polygon",
        "coordinates": [
          [
            [
              6,
              325
            ],
            [
              10,
              325
            ],
            [
              58,
              376
            ],
            [
              59,
              382
            ],
            [
              55,
              386
            ],
            [
              18,
              398
            ],
            [
              5,
              394
            ],
            [
              6,
              325
            ]
          ]
        ]
      },
      "properties": {}
    },
    {
      "type": "Feature",
      "geometry": {
        "type": "Polygon",
        "coordinates": [
          [
            [
              250,
              308
            ],
            [
              279,
              286
            ],
            [
              290,
              283
            ],
            [
              316,
              309
            ],
            [
              316,
              313
            ],
            [
              301,
              329
            ],
            [
              297,
              329
            ],
            [
              278,
              301
            ],
            [
              255,
              313
            ],
            [
              251,
              313
            ],
            [
              250,
              308
            ]
          ]
        ]
      },
      "properties": {}
    },
    {
      "type": "Feature",
      "geometry": {
        "type": "Polygon",
        "coordinates": [
          [
            [
              5,
              215
            ],
            [
              43,
              242
            ],
            [
              62,
              246
            ],
            [
              65,
              254
            ],
            [
              73,
              254
            ],
            [
              86,
              238
            ],
            [
              98,
              243
            ],
            [
              146,
              311
            ],
            [
              149,
              339
            ],
            [
              97,
              324
            ],
            [
              68,
              306
            ],
            [
              5,
              240
            ],
            [
              5,
              215
            ]
          ]
        ]
      },
      "properties": {}
    },
    {
      "type": "Feature",
      "geometry": {
        "type": "Polygon",
        "coordinates": [
          [
            [
              12,
              0
            ],
            [
              84,
              0
            ],
            [
              92,
              29
            ],
            [
              130,
              65
            ],
            [
              121,
              99
            ],
            [
              139,
              114
            ],
            [
              126,
              127
            ],
            [
              148,
              117
            ],
            [
              156,
              128
            ],
            [
              111,
              170
            ],
            [
              59,
              188
            ],
            [
              68,
              209
            ],
            [
              51,
              221
            ],
            [
              27,
              198
            ],
            [
              55,
              171
            ],
            [
              5,
              205
            ],
            [
              12,
              0
            ]
          ]
        ]
      },
      "properties": {}
    }
  ]
}